scheme,slot,prior_std_deg,sensing_fraction,elements,posterior_std_deg,raw_rate,net_rate,score
No sensing,0,0.5063595560468865,0.0,64,0.5063595560468865,3.1357538007379713,3.1357538007379713,
No sensing,1,0.5126402247190519,0.0,64,0.5126402247190519,3.1269775196349276,3.1269775196349276,
No sensing,2,0.518844870842914,0.0,64,0.518844870842914,3.1182264699554922,3.1182264699554922,
No sensing,3,0.5249761899362676,0.0,64,0.5249761899362676,3.1095020362396646,3.1095020362396646,
No sensing,4,0.5310367218940703,0.0,64,0.5310367218940703,3.100805552805097,3.100805552805097,
No sensing,5,0.5370288632839022,0.0,64,0.5370288632839022,3.0921383027875042,3.0921383027875042,
No sensing,6,0.5429548784199292,0.0,64,0.5429548784199292,3.083501517459859,3.083501517459859,
No sensing,7,0.5488169093604898,0.0,64,0.5488169093604898,3.0748963758080765,3.0748963758080765,
No sensing,8,0.554616984954482,0.0,64,0.554616984954482,3.066324004341873,3.066324004341873,
No sensing,9,0.560357029044876,0.0,64,0.560357029044876,3.057785477120189,3.057785477120189,
No sensing,10,0.5660388679233963,0.0,64,0.5660388679233963,3.0492818159712174,3.0492818159712174,
No sensing,11,0.5716642371182582,0.0,64,0.5716642371182582,3.040813990887739,3.040813990887739,
No sensing,12,0.5772347875864726,0.0,64,0.5772347875864726,3.032382920579224,3.032382920579224,
No sensing,13,0.5827520913733387,0.0,64,0.5827520913733387,3.0239894731629846,3.0239894731629846,
No sensing,14,0.5882176467941098,0.0,64,0.5882176467941098,3.0156344669775614,3.0156344669775614,
No sensing,15,0.5936328831862333,0.0,64,0.5936328831862333,3.007318671502501,3.007318671502501,
No sensing,16,0.5989991652748776,0.0,64,0.5989991652748776,2.9990428083697176,2.9990428083697176,
No sensing,17,0.6043177971895253,0.0,64,0.6043177971895253,2.9908075524526265,2.9908075524526265,
No sensing,18,0.609590026165127,0.0,64,0.609590026165127,2.9826135330203365,2.9826135330203365,
No sensing,19,0.6148170459575761,0.0,64,0.6148170459575761,2.9744613349451594,2.9744613349451594,
No sensing,20,0.6200000000000002,0.0,64,0.6200000000000002,2.9663514999527743,2.9663514999527743,
No sensing,21,0.6251399843235116,0.0,64,0.6251399843235116,2.95828452790528,2.95828452790528,
No sensing,22,0.6302380502635495,0.0,64,0.6302380502635495,2.9502608781083706,2.9502608781083706,
No sensing,23,0.6352952069707439,0.0,64,0.6352952069707439,2.942280970634688,2.942280970634688,
No sensing,24,0.6403124237432851,0.0,64,0.6403124237432851,2.934345187656286,2.934345187656286,
No sensing,25,0.6452906321960674,0.0,64,0.6452906321960674,2.926453874779888,2.926453874779888,
No sensing,26,0.6502307282803547,0.0,64,0.6502307282803547,2.918607342379334,2.918607342379334,
No sensing,27,0.6551335741663683,0.0,64,0.6551335741663683,2.9108058669203056,2.9108058669203056,
No sensing,28,0.6600000000000004,0.0,64,0.6600000000000004,2.903049692273014,2.903049692273014,
No sensing,29,0.6648308055437868,0.0,64,0.6648308055437868,2.8953390310090854,2.8953390310090854,
No sensing,30,0.6696267617113286,0.0,64,0.6696267617113286,2.8876740656794357,2.8876740656794357,
No sensing,31,0.674388612003495,0.0,64,0.674388612003495,2.880054950070321,2.880054950070321,
No sensing,32,0.6791170738539861,0.0,64,0.6791170738539861,2.8724818104352554,2.8724818104352554,
No sensing,33,0.6838128398911507,0.0,64,0.6838128398911507,2.864954746700802,2.864954746700802,
No sensing,34,0.6884765791223406,0.0,64,0.6884765791223406,2.857473833644624,2.857473833644624,
No sensing,35,0.6931089380465386,0.0,64,0.6931089380465386,2.8500391220444747,2.8500391220444747,
No sensing,36,0.6977105417004966,0.0,64,0.6977105417004966,2.842650639797091,2.842650639797091,
No sensing,37,0.7022819946431779,0.0,64,0.7022819946431779,2.8353083930061906,2.8353083930061906,
No sensing,38,0.706823881882892,0.0,64,0.706823881882892,2.8280123670389914,2.8280123670389914,
No sensing,39,0.7113367697511499,0.0,64,0.7113367697511499,2.820762527550881,2.820762527550881,
No sensing,40,0.7158212067269315,0.0,64,0.7158212067269315,2.813558821478011,2.813558821478011,
No sensing,41,0.7202777242147645,0.0,64,0.7202777242147645,2.806401177997743,2.806401177997743,
No sensing,42,0.7247068372797377,0.0,64,0.7247068372797377,2.7992895094570343,2.7992895094570343,
No sensing,43,0.7291090453423275,0.0,64,0.7291090453423275,2.792223712268918,2.792223712268918,
No sensing,44,0.73348483283569,0.0,64,0.73348483283569,2.785203667777364,2.785203667777364,
No sensing,45,0.7378346698278687,0.0,64,0.7378346698278687,2.7782292430908835,2.7782292430908835,
No sensing,46,0.7421590126111789,0.0,64,0.7421590126111789,2.7713002918852983,2.7713002918852983,
No sensing,47,0.7464583042608609,0.0,64,0.7464583042608609,2.7644166551761944,2.7644166551761944,
No sensing,48,0.7507329751649384,0.0,64,0.7507329751649384,2.7575781620615802,2.7575781620615802,
No sensing,49,0.754983443527075,0.0,64,0.754983443527075,2.750784630435355,2.750784630435355,
No sensing,50,0.7592101158440923,0.0,64,0.7592101158440923,2.744035867672215,2.744035867672215,
No sensing,51,0.7634133873596926,0.0,64,0.7634133873596926,2.7373316712846534,2.7373316712846534,
No sensing,52,0.7675936424958195,0.0,64,0.7675936424958195,2.7306718295527306,2.7306718295527306,
No sensing,53,0.7717512552629895,0.0,64,0.7717512552629895,2.724056122127318,2.724056122127318,
No sensing,54,0.7758865896508328,0.0,64,0.7758865896508328,2.717484320607542,2.717484320607542,
No sensing,55,0.7799999999999998,0.0,64,0.7799999999999998,2.710956189093127,2.710956189093127,
No sensing,56,0.7840918313565062,0.0,64,0.7840918313565062,2.7044714847124034,2.7044714847124034,
No sensing,57,0.7881624198095211,0.0,64,0.7881624198095211,2.6980299581266984,2.6980299581266984,
No sensing,58,0.7922120928135342,0.0,64,0.7922120928135342,2.6916313540118586,2.6916313540118586,
No sensing,59,0.7962411694957752,0.0,64,0.7962411694957752,2.6852754115176403,2.6852754115176403,
No sensing,60,0.8002499609497021,0.0,64,0.8002499609497021,2.6789618647057223,2.6789618647057223,
No sensing,61,0.8042387705153239,0.0,64,0.8042387705153239,2.6726904429670575,2.6726904429670575,
No sensing,62,0.8082078940470699,0.0,64,0.8082078940470699,2.666460871419313,2.666460871419313,
No sensing,63,0.8121576201698779,0.0,64,0.8121576201698779,2.6602728712851142,2.6602728712851142,
No sensing,64,0.8160882305241264,0.0,64,0.8160882305241264,2.654126160251816,2.654126160251816,
No sensing,65,0.8199999999999997,0.0,64,0.8199999999999997,2.6480204528135003,2.6480204528135003,
No sensing,66,0.8238931969618389,0.0,64,0.8238931969618389,2.6419554605959212,2.6419554605959212,
No sensing,67,0.8277680834629948,0.0,64,0.8277680834629948,2.6359308926650504,2.6359308926650504,
No sensing,68,0.8316249154516713,0.0,64,0.8316249154516713,2.6299464558199355,2.6299464558199355,
No sensing,69,0.8354639429682166,0.0,64,0.8354639429682166,2.624001854870496,2.624001854870496,
No sensing,70,0.839285410334291,0.0,64,0.839285410334291,2.6180967929009396,2.6180967929009396,
No sensing,71,0.8430895563343193,0.0,64,0.8430895563343193,2.6122309715193923,2.6122309715193923,
No sensing,72,0.8468766143896047,0.0,64,0.8468766143896047,2.6064040910943835,2.6064040910943835,
No sensing,73,0.850646812725469,0.0,64,0.850646812725469,2.6006158509787705,2.6006158509787705,
No sensing,74,0.8544003745317527,0.0,64,0.8544003745317527,2.5948659497216786,2.5948659497216786,
No sensing,75,0.8581375181169969,0.0,64,0.8581375181169969,2.5891540852690196,2.5891540852690196,
No sensing,76,0.8618584570566092,0.0,64,0.8618584570566092,2.5834799551531207,2.5834799551531207,
No sensing,77,0.8655634003352956,0.0,64,0.8655634003352956,2.5778432566719913,2.5778432566719913,
No sensing,78,0.8692525524840287,0.0,64,0.8692525524840287,2.572243687058711,2.572243687058711,
No sensing,79,0.8729261137118073,0.0,64,0.8729261137118073,2.566680943641436,2.566680943641436,
No sensing,80,0.895544527089524,0.0,64,0.895544527089524,2.5327293390937142,2.5327293390937142,
No sensing,81,0.9210356570847484,0.0,64,0.9210356570847484,2.4951104498711056,2.4951104498711056,
No sensing,82,0.9494111382185787,0.0,64,0.9494111382185787,2.4540817699789272,2.4540817699789272,
No sensing,83,0.9806558763219545,0.0,64,0.9806558763219545,2.4099783117253843,2.4099783117253843,
No sensing,84,1.0147322116224937,0.0,64,1.0147322116224937,2.363195511165292,2.363195511165292,
No sensing,85,1.05158428787277,0.0,64,1.05158428787277,2.3141690562254573,2.3141690562254573,
No sensing,86,1.0911423242929783,0.0,64,1.0911423242929783,2.263353771789321,2.263353771789321,
No sensing,87,1.1333265627792268,0.0,32,1.1333265627792268,2.229124974591397,2.229124974591397,
No sensing,88,1.1780507447144437,0.0,32,1.1780507447144437,2.2013969618214624,2.2013969618214624,
No sensing,89,1.2252250462817889,0.0,32,1.2252250462817889,2.171799070531542,2.171799070531542,
No sensing,90,1.2747584607100038,0.0,32,1.2747584607100038,2.140454568539528,2.140454568539528,
No sensing,91,1.3265606578584064,0.0,32,1.3265606578584064,2.107515207239948,2.107515207239948,
No sensing,92,1.3805433770885553,0.0,32,1.3805433770885553,2.073156994403689,2.073156994403689,
No sensing,93,1.4366214215292306,0.0,32,1.4366214215292306,2.0375747519650576,2.0375747519650576,
No sensing,94,1.4947133242891102,0.0,32,1.4947133242891102,2.000975880389859,2.000975880389859,
No sensing,95,1.554741753335316,0.0,32,1.554741753335316,1.9635738183602378,1.9635738183602378,
No sensing,96,1.6166337144127205,0.0,32,1.6166337144127205,1.9255816803027193,1.9255816803027193,
No sensing,97,1.6803206025492239,0.0,32,1.6803206025492239,1.8872064802630986,1.8872064802630986,
No sensing,98,1.745738143708734,0.0,32,1.745738143708734,1.8486442323944714,1.8486442323944714,
No sensing,99,1.8128262598024807,0.0,32,1.8128262598024807,1.810076093436721,1.810076093436721,
No sensing,100,1.8815288829432792,0.0,32,1.8815288829432792,1.7716656126476586,1.7716656126476586,
No sensing,101,1.9517937386592643,0.0,32,1.9517937386592643,1.7335570818854789,1.7335570818854789,
No sensing,102,2.0235721127495103,0.0,32,2.0235721127495103,1.695874912651968,1.695874912651968,
No sensing,103,2.09681861245619,0.0,32,2.09681861245619,1.6587239004306664,1.6587239004306664,
No sensing,104,2.1714909295030353,0.0,32,2.1714909295030353,1.6221901869855428,1.6221901869855428,
No sensing,105,2.247549610157732,0.0,32,2.247549610157732,1.5863427155224237,1.5863427155224237,
No sensing,106,2.3249578356757885,0.0,32,2.3249578356757885,1.5512349891553563,1.5512349891553563,
No sensing,107,2.403681215151682,0.0,32,2.403681215151682,1.5169069738575032,1.5169069738575032,
No sensing,108,2.4836875918354804,0.0,32,2.4836875918354804,1.4833870171267196,1.4833870171267196,
No sensing,109,2.564946863284408,0.0,16,2.564946863284408,1.453610644070354,1.453610644070354,
No sensing,110,2.647430815240871,0.0,16,2.647430815240871,1.434281728529504,1.434281728529504,
No sensing,111,2.7311129688077136,0.0,16,2.7311129688077136,1.4147451988293032,1.4147451988293032,
No sensing,112,2.8159684402865093,0.0,16,2.8159684402865093,1.3950513375531814,1.3950513375531814,
No sensing,113,2.9019738129238335,0.0,16,2.9019738129238335,1.375249162477139,1.375249162477139,
No sensing,114,2.9891070197496687,0.0,16,2.9891070197496687,1.355385898809352,1.355385898809352,
No sensing,115,3.077347236673446,0.0,16,3.077347236673446,1.3355065310194345,1.3355065310194345,
No sensing,116,3.166674785013362,0.0,16,3.166674785013362,1.315653438862302,1.315653438862302,
No sensing,117,3.2570710426637652,0.0,16,3.2570710426637652,1.2958661181536604,1.2958661181536604,
No sensing,118,3.3485183631464226,0.0,16,3.3485183631464226,1.2761809834077689,1.2761809834077689,
No sensing,119,3.4410000018393245,0.0,16,3.4410000018393245,1.2566312468257388,1.2566312468257388,
No sensing,120,3.534500048727687,0.0,16,3.534500048727687,1.2372468664155565,1.2372468664155565,
No sensing,121,3.6290033670735355,0.0,16,3.6290033670735355,1.2180545551501463,1.2180545551501463,
No sensing,122,3.724495537450976,0.0,16,3.724495537450976,1.199077842793594,1.199077842793594,
No sensing,123,3.8209628066429073,0.0,16,3.8209628066429073,1.180337182064602,1.180337182064602,
No sensing,124,3.918392040940847,0.0,16,3.918392040940847,1.161850090951453,1.161850090951453,
No sensing,125,4.016770683432343,0.0,16,4.016770683432343,1.1436313231796666,1.1436313231796666,
No sensing,126,4.116086714899991,0.0,16,4.116086714899991,1.1256930591167862,1.1256930591167862,
No sensing,127,4.216328617992372,0.0,16,4.216328617992372,1.1080451098658852,1.1080451098658852,
No sensing,128,4.317485344360329,0.0,16,4.317485344360329,1.0906951279911572,1.0906951279911572,
No sensing,129,4.419546284482083,0.0,16,4.419546284482083,1.0736488192009326,1.0736488192009326,
No sensing,130,4.522501239927947,0.0,16,4.522501239927947,1.0569101502952047,1.0569101502952047,
No sensing,131,4.626340397840006,0.0,16,4.626340397840006,1.0404815496593103,1.0404815496593103,
No sensing,132,4.7310543074243085,0.0,16,4.7310543074243085,1.0243640974637676,1.0243640974637676,
No sensing,133,4.836633858273101,0.0,16,4.836633858273101,1.0085577034621966,1.0085577034621966,
No sensing,134,4.9430702603525924,0.0,16,4.9430702603525924,0.9930612708611504,0.9930612708611504,
No sensing,135,5.050355025507859,0.0,16,5.050355025507859,0.9778728452077748,0.9778728452077748,
No sensing,136,5.15847995035101,0.0,16,5.15847995035101,0.9629897476727778,0.9629897476727778,
No sensing,137,5.267437100411715,0.0,16,5.267437100411715,0.9484086925680234,0.9484086925680234,
No sensing,138,5.377218795440874,0.0,16,5.377218795440874,0.9341258894669825,0.9341258894669825,
No sensing,139,5.4878175957687185,0.0,16,5.4878175957687185,0.9201371308672769,0.9201371308672769,
No sensing,140,5.599226289627981,0.0,16,5.599226289627981,0.9064378668608807,0.9064378668608807,
No sensing,141,5.711437881361277,0.0,16,5.711437881361277,0.8930232686472774,0.8930232686472774,
No sensing,142,5.8244455804394,0.0,16,5.8244455804394,0.8798882828576262,0.8798882828576262,
No sensing,143,5.938242791224052,0.0,16,5.938242791224052,0.8670276785465407,0.8670276785465407,
No sensing,144,6.052823103414684,0.0,16,6.052823103414684,0.8544360884184232,0.8544360884184232,
No sensing,145,6.168180283124625,0.0,16,6.168180283124625,0.8421080454883874,0.8421080454883874,
No sensing,146,6.284308264536659,0.0,8,6.284308264536659,0.8318116111560284,0.8318116111560284,
No sensing,147,6.401201142092677,0.0,8,6.401201142092677,0.8233613205325002,0.8233613205325002,
No sensing,148,6.51885316317608,0.0,8,6.51885316317608,0.8149557138523078,0.8149557138523078,
No sensing,149,6.63725872124925,0.0,8,6.63725872124925,0.8065999338986113,0.8065999338986113,
No sensing,150,6.756412349411691,0.0,8,6.756412349411691,0.7982987646022142,0.7982987646022142,
No sensing,151,6.87630871434743,0.0,8,6.87630871434743,0.7900566337496462,0.7900566337496462,
No sensing,152,6.996942610632942,0.0,8,6.996942610632942,0.7818776178199894,0.7818776178199894,
No sensing,153,7.11830895537931,0.0,8,7.11830895537931,0.7737654487209269,0.7737654487209269,
No sensing,154,7.240402783184534,0.0,8,7.240402783184534,0.7657235221964299,0.7657235221964299,
No sensing,155,7.363219241373912,0.0,8,7.363219241373912,0.7577549076837166,0.7577549076837166,
No sensing,156,7.486753585508219,0.0,8,7.486753585508219,0.749862359404766,0.749862359404766,
No sensing,157,7.611001175141069,0.0,8,7.611001175141069,0.7420483284870325,0.7420483284870325,
No sensing,158,7.735957469808347,0.0,8,7.735957469808347,0.7343149759184281,0.7343149759184281,
No sensing,159,7.861618025233963,0.0,8,7.861618025233963,0.7266641861528046,0.7266641861528046,
No sensing,160,7.8625338138976275,0.0,8,7.8625338138976275,0.7266088913487943,0.7266088913487943,
No sensing,161,7.863449495907224,0.0,8,7.863449495907224,0.7265536096626128,0.7265536096626128,
No sensing,162,7.864365071300008,0.0,8,7.864365071300008,0.7264983410893423,0.7264983410893423,
No sensing,163,7.865280540113212,0.0,8,7.865280540113212,0.7264430856240671,0.7264430856240671,
No sensing,164,7.866195902384048,0.0,8,7.866195902384048,0.7263878432618742,0.7263878432618742,
No sensing,165,7.867111158149704,0.0,8,7.867111158149704,0.7263326139978524,0.7263326139978524,
No sensing,166,7.868026307447351,0.0,8,7.868026307447351,0.7262773978270932,0.7262773978270932,
No sensing,167,7.868941350314132,0.0,8,7.868941350314132,0.7262221947446905,0.7262221947446905,
No sensing,168,7.869856286787173,0.0,8,7.869856286787173,0.72616700474574,0.72616700474574,
No sensing,169,7.870771116903578,0.0,8,7.870771116903578,0.7261118278253403,0.7261118278253403,
No sensing,170,7.871685840700428,0.0,8,7.871685840700428,0.7260566639785921,0.7260566639785921,
No sensing,171,7.872600458214783,0.0,8,7.872600458214783,0.7260015132005982,0.7260015132005982,
No sensing,172,7.873514969483681,0.0,8,7.873514969483681,0.7259463754864641,0.7259463754864641,
No sensing,173,7.87442937454414,0.0,8,7.87442937454414,0.725891250831297,0.725891250831297,
No sensing,174,7.875343673433155,0.0,8,7.875343673433155,0.7258361392302074,0.7258361392302074,
No sensing,175,7.8762578661877,0.0,8,7.8762578661877,0.7257810406783071,0.7257810406783071,
No sensing,176,7.877171952844728,0.0,8,7.877171952844728,0.7257259551707107,0.7257259551707107,
No sensing,177,7.87808593344117,0.0,8,7.87808593344117,0.725670882702535,0.725670882702535,
No sensing,178,7.878999808013936,0.0,8,7.878999808013936,0.7256158232688994,0.7256158232688994,
No sensing,179,7.879913576599914,0.0,8,7.879913576599914,0.7255607768649249,0.7255607768649249,
No sensing,180,7.880827239235971,0.0,8,7.880827239235971,0.7255057434857357,0.7255057434857357,
No sensing,181,7.881740795958952,0.0,8,7.881740795958952,0.7254507231264576,0.7254507231264576,
No sensing,182,7.882654246805682,0.0,8,7.882654246805682,0.7253957157822191,0.7253957157822191,
No sensing,183,7.883567591812964,0.0,8,7.883567591812964,0.7253407214481506,0.7253407214481506,
No sensing,184,7.88448083101758,0.0,8,7.88448083101758,0.7252857401193854,0.7252857401193854,
No sensing,185,7.885393964456289,0.0,8,7.885393964456289,0.7252307717910584,0.7252307717910584,
No sensing,186,7.886306992165831,0.0,8,7.886306992165831,0.7251758164583073,0.7251758164583073,
No sensing,187,7.887219914182922,0.0,8,7.887219914182922,0.7251208741162718,0.7251208741162718,
No sensing,188,7.888132730544261,0.0,8,7.888132730544261,0.7250659447600946,0.7250659447600946,
No sensing,189,7.889045441286522,0.0,8,7.889045441286522,0.7250110283849194,0.7250110283849194,
No sensing,190,7.88995804644636,0.0,8,7.88995804644636,0.7249561249858931,0.7249561249858931,
No sensing,191,7.890870546060406,0.0,8,7.890870546060406,0.7249012345581648,0.7249012345581648,
No sensing,192,7.891782940165274,0.0,8,7.891782940165274,0.7248463570968857,0.7248463570968857,
No sensing,193,7.892695228797552,0.0,8,7.892695228797552,0.7247914925972092,0.7247914925972092,
No sensing,194,7.893607411993812,0.0,8,7.893607411993812,0.7247366410542921,0.7247366410542921,
No sensing,195,7.894519489790601,0.0,8,7.894519489790601,0.7246818024632914,0.7246818024632914,
No sensing,196,7.895431462224446,0.0,8,7.895431462224446,0.724626976819368,0.724626976819368,
No sensing,197,7.896343329331853,0.0,8,7.896343329331853,0.7245721641176849,0.7245721641176849,
No sensing,198,7.897255091149307,0.0,8,7.897255091149307,0.7245173643534064,0.7245173643534064,
No sensing,199,7.898166747713272,0.0,8,7.898166747713272,0.7244625775217002,0.7244625775217002,
No sensing,200,7.899078299060192,0.0,8,7.899078299060192,0.7244078036177359,0.7244078036177359,
No sensing,201,7.899989745226487,0.0,8,7.899989745226487,0.7243530426366854,0.7243530426366854,
No sensing,202,7.90090108624856,0.0,8,7.90090108624856,0.7242982945737226,0.7242982945737226,
No sensing,203,7.901812322162788,0.0,8,7.901812322162788,0.7242435594240241,0.7242435594240241,
No sensing,204,7.902723453005532,0.0,8,7.902723453005532,0.7241888371827682,0.7241888371827682,
No sensing,205,7.903634478813129,0.0,8,7.903634478813129,0.7241341278451361,0.7241341278451361,
No sensing,206,7.904545399621896,0.0,8,7.904545399621896,0.7240794314063113,0.7240794314063113,
No sensing,207,7.90545621546813,0.0,8,7.90545621546813,0.7240247478614783,0.7240247478614783,
No sensing,208,7.906366926388104,0.0,8,7.906366926388104,0.7239700772058261,0.7239700772058261,
No sensing,209,7.907277532418075,0.0,8,7.907277532418075,0.723915419434544,0.723915419434544,
No sensing,210,7.908188033594275,0.0,8,7.908188033594275,0.7238607745428243,0.7238607745428243,
No sensing,211,7.909098429952916,0.0,8,7.909098429952916,0.7238061425258617,0.7238061425258617,
No sensing,212,7.910008721530191,0.0,8,7.910008721530191,0.7237515233788532,0.7237515233788532,
No sensing,213,7.9109189083622695,0.0,8,7.9109189083622695,0.7236969170969973,0.7236969170969973,
No sensing,214,7.9118289904853025,0.0,8,7.9118289904853025,0.7236423236754961,0.7236423236754961,
No sensing,215,7.912738967935419,0.0,8,7.912738967935419,0.7235877431095527,0.7235877431095527,
No sensing,216,7.913648840748728,0.0,8,7.913648840748728,0.7235331753943729,0.7235331753943729,
No sensing,217,7.9145586089613165,0.0,8,7.9145586089613165,0.7234786205251651,0.7234786205251651,
No sensing,218,7.915468272609251,0.0,8,7.915468272609251,0.7234240784971396,0.7234240784971396,
No sensing,219,7.91637783172858,0.0,8,7.91637783172858,0.7233695493055091,0.7233695493055091,
No sensing,220,7.917287286355327,0.0,8,7.917287286355327,0.7233150329454887,0.7233150329454887,
No sensing,221,7.918196636525497,0.0,8,7.918196636525497,0.723260529412295,0.723260529412295,
No sensing,222,7.919105882275075,0.0,8,7.919105882275075,0.7232060387011479,0.7232060387011479,
No sensing,223,7.920015023640024,0.0,8,7.920015023640024,0.7231515608072688,0.7231515608072688,
No sensing,224,7.920924060656288,0.0,8,7.920924060656288,0.7230970957258818,0.7230970957258818,
No sensing,225,7.921832993359788,0.0,8,7.921832993359788,0.723042643452213,0.723042643452213,
No sensing,226,7.922741821786427,0.0,8,7.922741821786427,0.7229882039814906,0.7229882039814906,
No sensing,227,7.923650545972085,0.0,8,7.923650545972085,0.7229337773089456,0.7229337773089456,
No sensing,228,7.924559165952623,0.0,8,7.924559165952623,0.7228793634298107,0.7228793634298107,
No sensing,229,7.92546768176388,0.0,8,7.92546768176388,0.7228249623393209,0.7228249623393209,
No sensing,230,7.926376093441677,0.0,8,7.926376093441677,0.722770574032714,0.722770574032714,
No sensing,231,7.9272844010218115,0.0,8,7.9272844010218115,0.7227161985052297,0.7227161985052297,
No sensing,232,7.928192604540063,0.0,8,7.928192604540063,0.7226618357521094,0.7226618357521094,
No sensing,233,7.929100704032188,0.0,8,7.929100704032188,0.7226074857685978,0.7226074857685978,
No sensing,234,7.930008699533926,0.0,8,7.930008699533926,0.7225531485499406,0.7225531485499406,
No sensing,235,7.930916591080992,0.0,8,7.930916591080992,0.7224988240913868,0.7224988240913868,
No sensing,236,7.931824378709084,0.0,8,7.931824378709084,0.7224445123881871,0.7224445123881871,
No sensing,237,7.932732062453878,0.0,8,7.932732062453878,0.7223902134355946,0.7223902134355946,
No sensing,238,7.933639642351029,0.0,8,7.933639642351029,0.7223359272288651,0.7223359272288651,
No sensing,239,7.934547118436172,0.0,8,7.934547118436172,0.7222816537632555,0.7222816537632555,
Fixed 5%,0,0.5063595560468865,0.05,64,0.4934577085871062,3.1535135906448346,2.995837911112593,
Fixed 5%,1,0.4999005002638399,0.05,64,0.48747416657549436,3.161623220688685,3.003542059654251,
Fixed 5%,2,0.4939950030905908,0.05,64,0.4819934528508792,3.1689785960081593,3.010529666207751,
Fixed 5%,3,0.48858744211360233,0.05,64,0.47696657448311097,3.1756625406136068,3.0168794135829264,
Fixed 5%,4,0.48362910703777234,0.05,64,0.472350395580901,3.1817469546709525,3.0226596069374048,
Fixed 5%,5,0.47907712970401084,0.05,64,0.4681067654753752,3.187294514480629,3.0279297887565972,
Fixed 5%,6,0.47489361322702367,0.05,64,0.46420180348629825,3.1923600704005484,3.032742066880521,
Fixed 5%,7,0.47104491756087535,0.05,64,0.4606053077711153,3.196991802260136,3.037142212147129,
Fixed 5%,8,0.4675010690329209,0.05,64,0.4572902633089113,3.2012321790453493,3.041170570093082,
Fixed 5%,9,0.464235268928518,0.05,64,0.45423242969657074,3.2051187598038555,3.0448628218136626,
Fixed 5%,10,0.46122348182638107,0.05,64,0.4514099936657858,3.208684865107805,3.0482506218524144,
Fixed 5%,11,0.4584440886098814,0.05,64,0.4488032744417577,3.211960142486632,3.0513621353623006,
Fixed 5%,12,0.4558775922872758,0.05,64,0.4463944725239095,3.2149710446060764,3.0542224923757724,
Fixed 5%,13,0.4535063672098766,0.05,64,0.44416745436723426,3.2177412353236026,3.056854173557422,
Fixed 5%,14,0.4513144441728728,0.05,64,0.44210756691916175,3.220291935868945,3.0592773390754977,
Fixed 5%,15,0.4492873253578172,0.05,64,0.4402014771230422,3.2226422211103762,3.0615101100548574,
Fixed 5%,16,0.4474118242305496,0.05,64,0.4384370324109804,3.2248092740419194,3.0635688103398233,
Fixed 5%,17,0.44567592641890263,0.05,64,0.4368031389321152,3.2268086051638476,3.065468174905655,
Fixed 5%,18,0.44406866831712943,0.05,64,0.43528965483986176,3.228654242251374,3.0672215301388053,
Fixed 5%,19,0.4425800307408887,0.05,64,0.4338872964252029,3.230358895054651,3.0688409503019183,
Fixed 5%,20,0.44120084541982907,0.05,64,0.4325875552573068,3.231934098700659,3.0703373937656258,
Fixed 5%,21,0.4399227124887887,0.05,64,0.43138262479636996,3.233390338937993,3.0717208219910934,
Fixed 5%,22,0.43873792744211854,0.05,64,0.43026533519117277,3.234737161850521,3.0730003037579947,
Fixed 5%,23,0.43763941626317465,0.05,64,0.4292290951766977,3.2359832702429436,3.0741841067307965,
Fixed 5%,24,0.43662067764388646,0.05,64,0.42826784015414043,3.2371366085527034,3.075279778125068,
Fixed 5%,25,0.43567573137632115,0.05,64,0.4273759856737036,3.2382044378543946,3.0762942159616746,
Fixed 5%,26,0.43479907213627966,0.05,64,0.42654838565519104,3.2391934022835778,3.0772337321693986,
Fixed 5%,27,0.43398562799365786,0.05,64,0.4257802947769976,3.2401095880076487,3.078104108607266,
Fixed 5%,28,0.43323072307996224,0.05,64,0.42506733454409523,3.240958575705005,3.0789106469197547,
Fixed 5%,29,0.4325300439234502,0.05,64,0.42440546261285267,3.241745487374305,3.0796582130055894,
Fixed 5%,30,0.43187960902968026,0.05,64,0.42379094500724,3.2424750281783843,3.080351276769465,
Fixed 5%,31,0.4312757413420439,0.05,64,0.4232203309089917,3.243151523928594,3.080993947732164,
Fixed 5%,32,0.4307150432649368,0.05,64,0.4226904297451008,3.243778954731805,3.0815900069952145,
Fixed 5%,33,0.430194373973089,0.05,64,0.42219829033080947,3.2443609852514896,3.082142935988915,
Fixed 5%,34,0.42971082876541344,0.05,64,0.4217411818560218,3.2449009919741165,3.0826559423754105,
Fixed 5%,35,0.4292617202515431,0.05,64,0.4213165765286189,3.2454020878207777,3.083131983429739,
Fixed 5%,36,0.4288445611848139,0.05,64,0.4209221337101567,3.24586714440011,3.0835737871801046,
Fixed 5%,37,0.42845704877748364,0.05,64,0.42055568539843374,3.246298812161069,3.0839838715530155,
Fixed 5%,38,0.4280970503530086,0.05,64,0.4202152229278915,3.2466995386717796,3.0843645617381905,
Fixed 5%,39,0.4277625902066911,0.05,64,0.41989888477311976,3.2470715852229914,3.0847180059618418,
Fixed 5%,40,0.4274518375603381,0.05,64,0.419604945353224,3.247417041930668,3.0850461898341344,
Fixed 5%,41,0.42716309550905973,0.05,64,0.4193318047457147,3.247737841491508,3.085350949416932,
Fixed 5%,42,0.42689479086924703,0.05,64,0.4190779792281445,3.248035771727257,3.085633983140894,
Fixed 5%,43,0.4266454648463348,0.05,64,0.4188420925741206,3.2483124870380435,3.085896862686141,
Fixed 5%,44,0.42641376444935286,0.05,64,0.41862286803772575,3.248569518871352,3.086141042927784,
Fixed 5%,45,0.42619843458667367,0.05,64,0.418419120966927,3.248808285301434,3.0863678710363622,
Fixed 5%,46,0.4259983107838996,0.05,64,0.4182297519923402,3.2490300998035386,3.0865785948133615,
Fixed 5%,47,0.425812312470617,0.05,64,0.4180537407428677,3.249236179298255,3.0867743703333423,
Fixed 5%,48,0.42563943678788135,0.05,64,0.4178901400443002,3.249427651533313,3.086956268956647,
Fixed 5%,49,0.42547875287286063,0.05,64,0.41773807056105544,3.2496055618630777,3.0871252837699235,
Fixed 5%,50,0.42532939658113605,0.05,64,0.41759671584487607,3.2497708794798847,3.0872823355058903,
Fixed 5%,51,0.4251905656107931,0.05,64,0.4174653177575718,3.2499245031457704,3.0874282779884816,
Fixed 5%,52,0.425061514995689,0.05,64,0.417343172237825,3.2500672664683954,3.0875639031449755,
Fixed 5%,53,0.4249415529382021,0.05,64,0.417229625384712,3.250199942760608,3.0876899456225777,
Fixed 5%,54,0.4248300369543885,0.05,64,0.4171240698329657,3.250323249519278,3.087807087043314,
Fixed 5%,55,0.42472637030683275,0.05,64,0.41702594139714666,3.250437852555651,3.0879159599278685,
Fixed 5%,56,0.4246299987026074,0.05,64,0.41693471596382475,3.2505443698064105,3.0880171513160897,
Fixed 5%,57,0.4245404072356779,0.05,64,0.41684990661262455,3.250643374851927,3.0881112061093305,
Fixed 5%,58,0.42445711755482884,0.05,64,0.41677106094857663,3.2507354001657722,3.0881986301574833,
Fixed 5%,59,0.42437968523976516,0.05,64,0.4166977586296581,3.250820940117355,3.0882798931114874,
Fixed 5%,60,0.4243076973694689,0.05,64,0.4166296090747174,3.2509004537476187,3.0883554310602377,
Fixed 5%,61,0.4242407702681955,0.05,64,0.41656624933817055,3.2509743673359544,3.0884256489691566,
Fixed 5%,62,0.4241785474156736,0.05,64,0.4165073421389462,3.2510430767749194,3.0884909229361734,
Fixed 5%,63,0.4241206975091515,0.05,64,0.416452574032148,3.251106949767902,3.088551602279507,
Fixed 5%,64,0.4240669126659161,0.05,64,0.41640165371281035,3.251166327863594,3.088608011470414,
Fixed 5%,65,0.42401690675580755,0.05,64,0.4163543104419548,3.251221528339948,3.0886604519229506,
Fixed 5%,66,0.4239704138540751,0.05,64,0.41631029258591257,3.251272845949262,3.0887092036517987,
Fixed 5%,67,0.42392718680566843,0.05,64,0.4162693662605757,3.2513205545350354,3.0887545268082834,
Fixed 5%,68,0.42388699589275125,0.05,64,0.4162313140728796,3.251364908530397,3.088796663103877,
Fixed 5%,69,0.42384962759785,0.05,64,0.4161959339524027,3.251406144347098,3.088835837129743,
Fixed 5%,70,0.4238148834556341,0.05,64,0.4161630380665126,3.251444481663328,3.0888722575801615,
Fixed 5%,71,0.42378257898685456,0.05,64,0.41613245181297986,3.2514801246179696,3.088906118387071,
Fixed 5%,72,0.4237525427084562,0.05,64,0.4161040128844385,3.251513262918302,3.0889375997723865,
Fixed 5%,73,0.4237246152143311,0.05,64,0.41607757039949184,3.25154407286758,3.0889668692242007,
Fixed 5%,74,0.423698648321592,0.05,64,0.41605298409564967,3.2515727183184704,3.0889940824025466,
Fixed 5%,75,0.42367450427762926,0.05,64,0.41603012357963853,3.251599351557799,3.0890193839799087,
Fixed 5%,76,0.4236520550235645,0.05,64,0.4160088676309572,3.2516241141276976,3.0890429084213125,
Fixed 5%,77,0.42363118151003853,0.05,64,0.41598910355485236,3.2516471375877978,3.0890647807084077,
Fixed 5%,78,0.42361177306157305,0.05,64,0.4159707265811715,3.2516685442228126,3.0890851170116718,
Fixed 5%,79,0.4235937267860181,0.05,64,0.4159536393058059,3.251688447699484,3.0891040253145094,
Fixed 5%,80,0.461538113325156,0.05,64,0.45170495342126005,3.208313148214379,3.04789749080366,
Fixed 5%,81,0.5003439282801758,0.05,64,0.48788531521074757,3.1610686158509944,3.0030151850584446,
Fixed 5%,82,0.5395432406677461,0.05,64,0.5240146215203576,3.1108752348119206,2.9553314730713245,
Fixed 5%,83,0.578701790180752,0.05,64,0.5596631384361805,3.0588204964731744,2.9058794716495155,
Fixed 5%,84,0.6174288153817671,0.05,64,0.5944613828876891,3.0060432074257304,2.8557410470544435,
Fixed 5%,85,0.6553872053537106,0.05,64,0.6281083984792836,2.9536152805497475,2.8059345165222602,
Fixed 5%,86,0.6923021144000736,0.05,64,0.6603768228704183,2.9024486166415544,2.7573261858094766,
Fixed 5%,87,0.727966396354888,0.05,64,0.6911136898258545,2.853241841899926,2.7105797498049293,
Fixed 5%,88,0.7622418195598992,0.05,64,0.7202366962021912,2.8064670655092714,2.666143712233808,
Fixed 5%,89,0.7950558190908382,0.05,64,0.7477264487595365,2.7623872924963644,2.624267927871546,
Fixed 5%,90,0.8263943134424838,0.05,64,0.7736157935020824,2.721091958126358,2.5850373602200403,
Fixed 5%,91,0.856291680318013,0.05,64,0.7979776178259832,2.6825393404866182,2.548412373462287,
Fixed 5%,92,0.8848192558916065,0.05,64,0.8209125000333317,2.6465978600891873,2.5142679670847277,
Fixed 5%,93,0.9120736952048166,0.05,64,0.8425373350937639,2.613081690534048,2.4824276060073456,
Fixed 5%,94,0.9381662827226509,0.05,64,0.8629756979716071,2.581778807039297,2.452689866687332,
Fixed 5%,95,0.9632139186319684,0.05,64,0.8823503197218977,2.552471379266867,2.4248478103035236,
Fixed 5%,96,0.9873321293896152,0.05,64,0.9007777209487653,2.5249493970070596,2.3987019271567065,
Fixed 5%,97,1.010630131815378,0.05,64,0.9183648096746556,2.4990188314027466,2.374067889832609,
Fixed 5%,98,1.0332077538893114,0.05,64,0.935207112572605,2.474505695432082,2.3507804106604775,
Fixed 5%,99,1.0551538869928994,0.05,64,0.9513882559904278,2.451257236373496,2.328694374554821,
Fixed 5%,100,1.0765460987606805,0.05,64,0.9669803231091322,2.429141276950109,2.3076842131026036,
Fixed 5%,101,1.0974510495689391,0.05,64,0.9820447617376974,2.4080444861509362,2.287642261843389,
Fixed 5%,102,1.1179254050626362,0.05,64,0.9966335831613424,2.3878701418485027,2.2684766347560776,
Fixed 5%,103,1.138017002127034,0.05,64,1.010790661225704,2.3685357627706893,2.250108974632155,
Fixed 5%,104,1.1577660921759414,0.05,64,1.0245530031449848,2.349970842664423,2.2324723005312017,
Fixed 5%,105,1.1772065449442695,0.05,64,1.0379519146901948,2.3321148130829923,2.2155090724288424,
Fixed 5%,106,1.1963669440264193,0.05,64,1.0510140211085655,2.314915287933766,2.1991695235370776,
Fixed 5%,107,1.2152715412489572,0.05,64,1.0637621321180246,2.298326596100455,2.1834102662954322,
Fixed 5%,108,1.2339410615960338,0.05,64,1.0762159564854092,2.282308581428505,2.1681931523570794,
Fixed 5%,109,1.2523933657716326,0.05,64,1.088392681291328,2.2668256362066996,2.1534843543963644,
Fixed 5%,110,1.2706439858209486,0.05,64,1.100307435192467,2.2518459301667746,2.1392536336584356,
Fixed 5%,111,1.288706552649813,0.05,32,1.1119736556794777,2.2422197473191816,2.1301087599532225,
Fixed 5%,112,1.3065931345392618,0.05,32,1.1234033789493585,2.2352231061342813,2.123461950827567,
Fixed 5%,113,1.3243145042024167,0.05,32,1.1346074686104894,2.2283362692952693,2.1169194558305056,
Fixed 5%,114,1.3418803495273925,0.05,32,1.1455957967080477,2.221556351786665,2.110478534197332,
Fixed 5%,115,1.359299440513418,0.05,32,1.1563773879125374,2.214880690472143,2.104136655948536,
Fixed 5%,116,1.3765797624014202,0.05,32,1.1669605353702885,2.2083068050941845,2.097891464839475,
Fixed 5%,117,1.3937286228068628,0.05,32,1.177352894755304,2.2018323681755883,2.091740749766809,
Fixed 5%,118,1.4107527388449992,0.05,32,1.1875615614902004,2.1954551816069405,2.0856824225265935,
Fixed 5%,119,1.4276583087904744,0.05,32,1.1975931348812883,2.1891731582575265,2.07971450034465,
Fixed 5%,120,1.444451071692143,0.05,32,1.207453771982814,2.182984307375404,2.0738350920066337,
Fixed 5%,121,1.4611363575144385,0.05,32,1.2171492333092535,2.1768867228653077,2.068042386722042,
Fixed 5%,122,1.477719129742347,0.05,32,1.22668492199885,2.170878573772112,2.0623346450835065,
Fixed 5%,123,1.4942040219178683,0.05,32,1.2360659176515814,2.164958096472442,2.0567101916488197,
Fixed 5%,124,1.5105953692302847,0.05,32,1.2452970057848654,2.159123588203871,2.0511674087936775,
Fixed 5%,125,1.526897236027921,0.05,32,1.2543827036433954,2.153373401653252,2.0457047315705896,
Fixed 5%,126,1.543113439930577,0.05,32,1.263327282945421,2.14770594039247,2.0403206433728465,
Fixed 5%,127,1.559247573081173,0.05,32,1.2721347900318467,2.142119654998835,2.035013672248893,
Fixed 5%,128,1.5753030209690249,0.05,32,1.2808090637962262,2.136613039733379,2.02978238774671,
Fixed 5%,129,1.591282979176149,0.05,32,1.2893537517055813,2.131184629677296,2.024625398193431,
Fixed 5%,130,1.6071904683352547,0.05,32,1.2977723241686712,2.12583299824708,2.0195413483347258,
Fixed 5%,131,1.6230283475388738,0.05,32,1.3060680874660868,2.1205567550245967,2.014528917273367,
Fixed 5%,132,1.6387993263999723,0.05,32,1.3142441954226773,2.1153545438503785,2.0095868166578597,
Fixed 5%,133,1.6545059759329497,0.05,32,1.3223036599753268,2.110225041138003,2.004713789081103,
Fixed 5%,134,1.6701507383983758,0.05,32,1.3302493607666155,2.10516695437491,1.9999086066561642,
Fixed 5%,135,1.6857359362338549,0.05,32,1.338084053876313,2.1001790207811015,1.9951700697420462,
Fixed 5%,136,1.7012637801760635,0.05,32,1.3458103797871983,2.0952600061020252,1.9904970057969238,
Fixed 5%,137,1.716736376664564,0.05,32,1.3534308706687421,2.090408703515923,1.9858882683401267,
Fixed 5%,138,1.7321557346058662,0.05,32,1.3609479570512788,2.0856239326391504,1.9813427360071927,
Fixed 5%,139,1.7475237715659853,0.05,32,1.3683639739540385,2.080904538615682,1.976859311684898,
Fixed 5%,140,1.7628423194510776,0.05,32,1.3756811665225452,2.0762493912791697,1.9724369217152111,
Fixed 5%,141,1.7781131297283368,0.05,32,1.3829016952241433,2.0716573843777843,1.968074515158895,
Fixed 5%,142,1.7933378782330103,0.05,32,1.390027640644632,2.0671274348535773,1.9637710631108984,
Fixed 5%,143,1.8085181696019637,0.05,32,1.3970610079240042,2.062658482169367,1.9595255580608986,
Fixed 5%,144,1.823655541369524,0.05,32,1.4040037308649678,2.0582494876772195,1.9553370132933585,
Fixed 5%,145,1.8387514677572823,0.05,32,1.4108576757441806,2.0538994340234717,1.9512044623222982,
Fixed 5%,146,1.8538073631860055,0.05,32,1.4176246448528718,2.049607324586023,1.9471269583567217,
Fixed 5%,147,1.8688245855347339,0.05,32,1.4243063797906668,2.0453721829402114,1.9431035737932008,
Fixed 5%,148,1.8838044391694662,0.05,32,1.430904564533942,2.0411930523501636,1.9391333997326552,
Fixed 5%,149,1.8987481777614714,0.05,32,1.437420828297833,2.037068995282925,1.9352155455187787,
Fixed 5%,150,1.9136570069132044,0.05,32,1.4438567482090983,2.032999092943084,1.9313491382959298,
Fixed 5%,151,1.9285320866079878,0.05,32,1.4502138518053274,2.028982444825913,1.9275333225846174,
Fixed 5%,152,1.9433745334980017,0.05,32,1.4564936193744713,2.025018168287323,1.9237672598729567,
Fixed 5%,153,1.9581854230437157,0.05,32,1.4626974861473419,2.0211053981291776,1.9200501282227185,
Fixed 5%,154,1.9729657915166223,0.05,32,1.4688268443545254,2.0172432861986906,1.916381121888756,
Fixed 5%,155,1.9877166378760163,0.05,32,1.4748830451581019,2.0134310010008196,1.9127594509507786,
Fixed 5%,156,2.0024389255295634,0.05,32,1.4808674004676134,2.0096677273226904,1.9091843409565559,
Fixed 5%,157,2.0171335839865074,0.05,32,1.4867811846488725,2.005952665869248,1.9056550325757855,
Fixed 5%,158,2.0318015104115683,0.05,32,1.4926256361334507,2.00228503290938,1.902170781263911,
Fixed 5%,159,2.0464435710868716,0.05,32,1.4984019589359994,1.9986640599319108,1.8987308569353152,
Fixed 5%,160,1.503199398131612,0.05,32,1.241143724707312,2.161749676695737,2.05366219286095,
Fixed 5%,161,1.2469313314614963,0.05,64,1.0848019407621194,2.2713730173763533,2.1578043665075355,
Fixed 5%,162,1.091418916219277,0.05,64,0.9777154167830462,2.4140800220161096,2.293376020915304,
Fixed 5%,163,0.98505199670639,0.05,64,0.8990452126487605,2.527521827457067,2.4011457360842137,
Fixed 5%,164,0.9070183539414486,0.05,64,0.8385474798214889,2.619236097154604,2.4882742922968735,
Fixed 5%,165,0.8470902407152205,0.05,64,0.7905151650871892,2.6943113318452188,2.5595957652529577,
Fixed 5%,166,0.7995712765181263,0.05,64,0.7514788492350103,2.756385563448977,2.618566285276528,
Fixed 5%,167,0.7609996457604795,0.05,64,0.7191884977342432,2.8081504385267246,2.667742916600388,
Fixed 5%,168,0.7291310549367909,0.05,64,0.692110035933544,2.8516426114117355,2.7090604808411487,
Fixed 5%,169,0.702435977039852,0.05,64,0.6691549358476021,2.8884285509282352,2.7440071233818233,
Fixed 5%,170,0.6798296317234256,0.05,64,0.6495252152112535,2.9197288376911246,2.7737423958065683,
Fixed 5%,171,0.6605172255098464,0.05,64,0.6326198107196365,2.9465050676394204,2.799179814257449,
Fixed 5%,172,0.6439004774924062,0.05,64,0.617975523180699,2.9695222481523027,2.8210461357446874,
Fixed 5%,173,0.6295186631470577,0.05,64,0.605228387632388,2.989394456915048,2.8399247340692955,
Fixed 5%,174,0.6170100495098115,0.05,64,0.5940876048369795,3.0066187367797275,2.856287799940741,
Fixed 5%,175,0.6060858703359938,0.05,64,0.5843174677821428,3.0216005514604207,2.8705205238873996,
Fixed 5%,176,0.596512282484892,0.05,64,0.5757245302613053,3.0346730945599187,2.882939439831923,
Fixed 5%,177,0.5880975554655883,0.05,64,0.5681483031014093,3.046112067704114,2.893806464318908,
Fixed 5%,178,0.5806827828660075,0.05,64,0.5614543795739251,3.0561470851361037,2.9033397308792983,
Fixed 5%,179,0.5741350192617946,0.05,64,0.5555292683092433,3.0649705441928496,2.911722016983207,
Fixed 5%,180,0.568342122271615,0.05,64,0.5502764488765037,3.0727445767704435,2.9191073479319214,
Fixed 5%,181,0.5632088157940494,0.05,64,0.5456133177212591,3.079606536521538,2.925626209695461,
Fixed 5%,182,0.558653642675674,0.05,64,0.5414687925425345,3.085673360665481,2.931389692632207,
Fixed 5%,183,0.5546065752382227,0.05,64,0.537781410568393,3.091045060823842,2.9364928077826495,
Fixed 5%,184,0.5510071193305314,0.05,64,0.534497802219215,3.0958075352211893,2.94101715846013,
Fixed 5%,185,0.5478027935098279,0.05,64,0.5315714536060591,3.1000348486411466,2.945033106209089,
Fixed 5%,186,0.5449478968569919,0.05,64,0.5289616938303462,3.103791092278711,2.9486015376647754,
Fixed 5%,187,0.5424025014137278,0.05,64,0.5266328591365218,3.107131909934753,2.951775314438015,
Fixed 5%,188,0.5401316212945764,0.05,64,0.5245535976053516,3.1101057575994537,2.9546004697194808,
Fixed 5%,189,0.5381045221522647,0.05,64,0.5226962865925621,3.112754948736099,2.957117201299294,
Fixed 5%,190,0.5362941431879094,0.05,64,0.5210365414208249,3.1151165263175478,2.95936070000167,
Fixed 5%,191,0.5346766102007596,0.05,64,0.5195527985467673,3.117222994015283,2.9613618443145184,
Fixed 5%,192,0.5332308228879664,0.05,64,0.5182259599845089,3.1191029322542487,2.963147785641536,
Fixed 5%,193,0.5319381031679024,0.05,64,0.5170390884809108,3.120781519651042,2.9647424436684897,
Fixed 5%,194,0.5307818940178454,0.05,64,0.5159771450249426,3.1222809762943227,2.9661669274796063,
Fixed 5%,195,0.5297475004075911,0.05,64,0.5150267618927474,3.123620942139308,2.9674398950323426,
Fixed 5%,196,0.5288218655329305,0.05,64,0.5141760456963957,3.1248188012729776,2.9685778612093285,
Fixed 5%,197,0.5279933768220791,0.05,64,0.5134144059026831,3.125889960811693,2.969595462771108,
Fixed 5%,198,0.5272516971887383,0.05,64,0.5127324050813589,3.1268480916029784,2.9705056870228295,
Fixed 5%,199,0.5265876178002239,0.05,64,0.5121216277767342,3.127705336629961,2.971320069798463,
Fixed 5%,200,0.5259929292649207,0.05,64,0.5115745654079475,3.128472491992589,2.9720488673929593,
Fixed 5%,201,0.5254603086554972,0.05,64,0.5110845150180097,3.129159164511751,2.972701206286163,
Fixed 5%,202,0.5249832201996499,0.05,64,0.5106454900304914,3.129773909330168,2.97328521386366,
Fixed 5%,203,0.524555827809091,0.05,64,0.5102521414510713,3.1303243503356417,2.9738081328188595,
Fixed 5%,204,0.5241729178958067,0.05,64,0.5098996881812418,3.130817285783101,2.974276421493946,
Fixed 5%,205,0.5238298311544768,0.05,64,0.509583855302764,3.1312587811224004,2.9746958420662803,
Fixed 5%,206,0.5235224021808698,0.05,64,0.509300819351356,3.1316542507334484,2.975071538196776,
Fixed 5%,207,0.5232469059554605,0.05,64,0.5090471597324555,3.1320085300169693,2.975408103516121,
Fixed 5%,208,0.5230000103553346,0.05,64,0.5088198155453467,3.132325939078047,2.9757096421241447,
Fixed 5%,209,0.5227787339703105,0.05,64,0.508616047178182,3.132610339063026,2.9759798221098746,
Fixed 5%,210,0.5225804085948483,0.05,64,0.5084334021184369,3.132865182062004,2.9762219229589038,
Fixed 5%,211,0.5224026458487057,0.05,64,0.5082696844934966,3.133093555364038,2.976438877595836,
Fixed 5%,212,0.5222433074488544,0.05,64,0.5081229279163367,3.133298220746307,2.9766333097089914,
Fixed 5%,213,0.5221004787148454,0.05,64,0.5079913712632064,3.133481649388496,2.9768075669190712,
Fixed 5%,214,0.5219724449411797,0.05,64,0.5078734370551565,3.133646052926966,2.9769637502806177,
Fixed 5%,215,0.5218576703146348,0.05,64,0.5077677121542334,3.133793411097619,2.977103740542738,
Fixed 5%,216,0.521754779092961,0.05,64,0.5076729305190859,3.1339254963600136,2.9772292215420126,
Fixed 5%,217,0.5216625387948004,0.05,64,0.5075879577943263,3.1340438958467836,2.9773417010544443,
Fixed 5%,218,0.5215798451798294,0.05,64,0.5075117775338759,3.1341500309404497,2.9774425293934272,
Fixed 5%,219,0.5215057088235894,0.05,64,0.5074434788812187,3.134245174743427,2.9775329160062554,
Fixed 5%,220,0.521439243113782,0.05,64,0.5073822455494229,3.1343304676754693,2.977613944291696,
Fixed 5%,221,0.52137965351438,0.05,64,0.5073273459613419,3.1344069314053162,2.9776865848350504,
Fixed 5%,222,0.521326227961129,0.05,64,0.5072781244258732,3.1344754812993187,2.9777517072343525,
Fixed 5%,223,0.5212783282671856,0.05,64,0.507233993239824,3.1345369375488317,2.97781009067139,
Fixed 5%,224,0.521235382431026,0.05,64,0.5071944256170142,3.134592035119771,2.9778624333637826,
Fixed 5%,225,0.5211968777505992,0.05,64,0.5071589493569509,3.1346414326515317,2.977909361018955,
Fixed 5%,226,0.5211623546581683,0.05,64,0.5071271411749009,3.13468572041827,2.9779514343973563,
Fixed 5%,227,0.5211314011995707,0.05,64,0.5070986216236073,3.134725427452992,2.9779891560803424,
Fixed 5%,228,0.5211036480898618,0.05,64,0.5070730505443873,3.1347610279237914,2.9780229765276016,
Fixed 5%,229,0.5210787642846241,0.05,64,0.5070501229919981,3.1347929468418316,2.9780532994997397,
Fixed 5%,230,0.5210564530127234,0.05,64,0.5070295655835884,3.1348215651719484,2.978080486913351,
Fixed 5%,231,0.5210364482220821,0.05,64,0.5070111332273268,3.1348472244090893,2.9781048631886344,
Fixed 5%,232,0.5210185113951885,0.05,64,0.506994606191005,3.134870230676978,2.9781267191431287,
Fixed 5%,233,0.5210024286956562,0.05,64,0.5069797874751051,3.134890858399314,2.978146315479348,
Fixed 5%,234,0.5209880084112327,0.05,64,0.5069665004585675,3.1349093535884776,2.9781638859090536,
Fixed 5%,235,0.5209750786623164,0.05,64,0.5069545867888361,3.1349259367918467,2.978179639952254,
Fixed 5%,236,0.5209634853482915,0.05,64,0.5069439044907402,3.1349408057316284,2.978193765445047,
Fixed 5%,237,0.5209530903069074,0.05,64,0.5069343262714466,3.134954137670258,2.9782064307867446,
Fixed 5%,238,0.5209437696645248,0.05,64,0.5069257380010891,3.1349660915300595,2.9782177869535564,
Fixed 5%,239,0.5209354123573755,0.05,64,0.5069180373508237,3.1349768097928035,2.978227969303163,
Myopic adaptive,0,0.5063595560468865,0.0,64,0.5063595560468865,3.1357538007379713,3.1357538007379713,
Myopic adaptive,1,0.5126402247190519,0.0,64,0.5126402247190519,3.1269775196349276,3.1269775196349276,
Myopic adaptive,2,0.518844870842914,0.0,64,0.518844870842914,3.1182264699554922,3.1182264699554922,
Myopic adaptive,3,0.5249761899362676,0.0,64,0.5249761899362676,3.1095020362396646,3.1095020362396646,
Myopic adaptive,4,0.5310367218940703,0.0,64,0.5310367218940703,3.100805552805097,3.100805552805097,
Myopic adaptive,5,0.5370288632839022,0.0,64,0.5370288632839022,3.0921383027875042,3.0921383027875042,
Myopic adaptive,6,0.5429548784199292,0.0,64,0.5429548784199292,3.083501517459859,3.083501517459859,
Myopic adaptive,7,0.5488169093604898,0.0,64,0.5488169093604898,3.0748963758080765,3.0748963758080765,
Myopic adaptive,8,0.554616984954482,0.0,64,0.554616984954482,3.066324004341873,3.066324004341873,
Myopic adaptive,9,0.560357029044876,0.0,64,0.560357029044876,3.057785477120189,3.057785477120189,
Myopic adaptive,10,0.5660388679233963,0.0,64,0.5660388679233963,3.0492818159712174,3.0492818159712174,
Myopic adaptive,11,0.5716642371182582,0.0,64,0.5716642371182582,3.040813990887739,3.040813990887739,
Myopic adaptive,12,0.5772347875864726,0.0,64,0.5772347875864726,3.032382920579224,3.032382920579224,
Myopic adaptive,13,0.5827520913733387,0.0,64,0.5827520913733387,3.0239894731629846,3.0239894731629846,
Myopic adaptive,14,0.5882176467941098,0.0,64,0.5882176467941098,3.0156344669775614,3.0156344669775614,
Myopic adaptive,15,0.5936328831862333,0.0,64,0.5936328831862333,3.007318671502501,3.007318671502501,
Myopic adaptive,16,0.5989991652748776,0.0,64,0.5989991652748776,2.9990428083697176,2.9990428083697176,
Myopic adaptive,17,0.6043177971895253,0.0,64,0.6043177971895253,2.9908075524526265,2.9908075524526265,
Myopic adaptive,18,0.609590026165127,0.0,64,0.609590026165127,2.9826135330203365,2.9826135330203365,
Myopic adaptive,19,0.6148170459575761,0.0,64,0.6148170459575761,2.9744613349451594,2.9744613349451594,
Myopic adaptive,20,0.6200000000000002,0.0,64,0.6200000000000002,2.9663514999527743,2.9663514999527743,
Myopic adaptive,21,0.6251399843235116,0.0,64,0.6251399843235116,2.95828452790528,2.95828452790528,
Myopic adaptive,22,0.6302380502635495,0.0,64,0.6302380502635495,2.9502608781083706,2.9502608781083706,
Myopic adaptive,23,0.6352952069707439,0.0,64,0.6352952069707439,2.942280970634688,2.942280970634688,
Myopic adaptive,24,0.6403124237432851,0.0,64,0.6403124237432851,2.934345187656286,2.934345187656286,
Myopic adaptive,25,0.6452906321960674,0.0,64,0.6452906321960674,2.926453874779888,2.926453874779888,
Myopic adaptive,26,0.6502307282803547,0.0,64,0.6502307282803547,2.918607342379334,2.918607342379334,
Myopic adaptive,27,0.6551335741663683,0.0,64,0.6551335741663683,2.9108058669203056,2.9108058669203056,
Myopic adaptive,28,0.6600000000000004,0.0,64,0.6600000000000004,2.903049692273014,2.903049692273014,
Myopic adaptive,29,0.6648308055437868,0.0,64,0.6648308055437868,2.8953390310090854,2.8953390310090854,
Myopic adaptive,30,0.6696267617113286,0.0,64,0.6696267617113286,2.8876740656794357,2.8876740656794357,
Myopic adaptive,31,0.674388612003495,0.0,64,0.674388612003495,2.880054950070321,2.880054950070321,
Myopic adaptive,32,0.6791170738539861,0.0,64,0.6791170738539861,2.8724818104352554,2.8724818104352554,
Myopic adaptive,33,0.6838128398911507,0.0,64,0.6838128398911507,2.864954746700802,2.864954746700802,
Myopic adaptive,34,0.6884765791223406,0.0,64,0.6884765791223406,2.857473833644624,2.857473833644624,
Myopic adaptive,35,0.6931089380465386,0.0,64,0.6931089380465386,2.8500391220444747,2.8500391220444747,
Myopic adaptive,36,0.6977105417004966,0.0,64,0.6977105417004966,2.842650639797091,2.842650639797091,
Myopic adaptive,37,0.7022819946431779,0.0,64,0.7022819946431779,2.8353083930061906,2.8353083930061906,
Myopic adaptive,38,0.706823881882892,0.0,64,0.706823881882892,2.8280123670389914,2.8280123670389914,
Myopic adaptive,39,0.7113367697511499,0.0,64,0.7113367697511499,2.820762527550881,2.820762527550881,
Myopic adaptive,40,0.7158212067269315,0.0,64,0.7158212067269315,2.813558821478011,2.813558821478011,
Myopic adaptive,41,0.7202777242147645,0.0,64,0.7202777242147645,2.806401177997743,2.806401177997743,
Myopic adaptive,42,0.7247068372797377,0.0,64,0.7247068372797377,2.7992895094570343,2.7992895094570343,
Myopic adaptive,43,0.7291090453423275,0.0,64,0.7291090453423275,2.792223712268918,2.792223712268918,
Myopic adaptive,44,0.73348483283569,0.0,64,0.73348483283569,2.785203667777364,2.785203667777364,
Myopic adaptive,45,0.7378346698278687,0.0,64,0.7378346698278687,2.7782292430908835,2.7782292430908835,
Myopic adaptive,46,0.7421590126111789,0.0,64,0.7421590126111789,2.7713002918852983,2.7713002918852983,
Myopic adaptive,47,0.7464583042608609,0.0,64,0.7464583042608609,2.7644166551761944,2.7644166551761944,
Myopic adaptive,48,0.7507329751649384,0.0,64,0.7507329751649384,2.7575781620615802,2.7575781620615802,
Myopic adaptive,49,0.754983443527075,0.0,64,0.754983443527075,2.750784630435355,2.750784630435355,
Myopic adaptive,50,0.7592101158440923,0.0,64,0.7592101158440923,2.744035867672215,2.744035867672215,
Myopic adaptive,51,0.7634133873596926,0.0,64,0.7634133873596926,2.7373316712846534,2.7373316712846534,
Myopic adaptive,52,0.7675936424958195,0.0,64,0.7675936424958195,2.7306718295527306,2.7306718295527306,
Myopic adaptive,53,0.7717512552629895,0.0,64,0.7717512552629895,2.724056122127318,2.724056122127318,
Myopic adaptive,54,0.7758865896508328,0.0,64,0.7758865896508328,2.717484320607542,2.717484320607542,
Myopic adaptive,55,0.7799999999999998,0.0,64,0.7799999999999998,2.710956189093127,2.710956189093127,
Myopic adaptive,56,0.7840918313565062,0.0,64,0.7840918313565062,2.7044714847124034,2.7044714847124034,
Myopic adaptive,57,0.7881624198095211,0.0,64,0.7881624198095211,2.6980299581266984,2.6980299581266984,
Myopic adaptive,58,0.7922120928135342,0.0,64,0.7922120928135342,2.6916313540118586,2.6916313540118586,
Myopic adaptive,59,0.7962411694957752,0.0,64,0.7962411694957752,2.6852754115176403,2.6852754115176403,
Myopic adaptive,60,0.8002499609497021,0.0,64,0.8002499609497021,2.6789618647057223,2.6789618647057223,
Myopic adaptive,61,0.8042387705153239,0.0,64,0.8042387705153239,2.6726904429670575,2.6726904429670575,
Myopic adaptive,62,0.8082078940470699,0.0,64,0.8082078940470699,2.666460871419313,2.666460871419313,
Myopic adaptive,63,0.8121576201698779,0.0,64,0.8121576201698779,2.6602728712851142,2.6602728712851142,
Myopic adaptive,64,0.8160882305241264,0.0,64,0.8160882305241264,2.654126160251816,2.654126160251816,
Myopic adaptive,65,0.8199999999999997,0.0,64,0.8199999999999997,2.6480204528135003,2.6480204528135003,
Myopic adaptive,66,0.8238931969618389,0.0,64,0.8238931969618389,2.6419554605959212,2.6419554605959212,
Myopic adaptive,67,0.8277680834629948,0.0,64,0.8277680834629948,2.6359308926650504,2.6359308926650504,
Myopic adaptive,68,0.8316249154516713,0.0,64,0.8316249154516713,2.6299464558199355,2.6299464558199355,
Myopic adaptive,69,0.8354639429682166,0.0,64,0.8354639429682166,2.624001854870496,2.624001854870496,
Myopic adaptive,70,0.839285410334291,0.0,64,0.839285410334291,2.6180967929009396,2.6180967929009396,
Myopic adaptive,71,0.8430895563343193,0.0,64,0.8430895563343193,2.6122309715193923,2.6122309715193923,
Myopic adaptive,72,0.8468766143896047,0.0,64,0.8468766143896047,2.6064040910943835,2.6064040910943835,
Myopic adaptive,73,0.850646812725469,0.0,64,0.850646812725469,2.6006158509787705,2.6006158509787705,
Myopic adaptive,74,0.8544003745317527,0.0,64,0.8544003745317527,2.5948659497216786,2.5948659497216786,
Myopic adaptive,75,0.8581375181169969,0.0,64,0.8581375181169969,2.5891540852690196,2.5891540852690196,
Myopic adaptive,76,0.8618584570566092,0.0,64,0.8618584570566092,2.5834799551531207,2.5834799551531207,
Myopic adaptive,77,0.8655634003352956,0.0,64,0.8655634003352956,2.5778432566719913,2.5778432566719913,
Myopic adaptive,78,0.8692525524840287,0.0,64,0.8692525524840287,2.572243687058711,2.572243687058711,
Myopic adaptive,79,0.8729261137118073,0.0,64,0.8729261137118073,2.566680943641436,2.566680943641436,
Myopic adaptive,80,0.895544527089524,0.0,64,0.895544527089524,2.5327293390937142,2.5327293390937142,
Myopic adaptive,81,0.9210356570847484,0.0,64,0.9210356570847484,2.4951104498711056,2.4951104498711056,
Myopic adaptive,82,0.9494111382185787,0.0,64,0.9494111382185787,2.4540817699789272,2.4540817699789272,
Myopic adaptive,83,0.9806558763219545,0.02,64,0.9438646075615323,2.4620296388024774,2.4127890460264276,
Myopic adaptive,84,0.9792220948011653,0.02,64,0.9425860146976556,2.4638667987818277,2.414589462806191,
Myopic adaptive,85,0.9821488931420796,0.02,64,0.9451955854711811,2.4601191985723236,2.4109168146008773,
Myopic adaptive,86,0.9890180747371663,0.02,64,0.9513134665177336,2.4513639993301877,2.402336719343584,
Myopic adaptive,87,0.9994172490083815,0.02,64,0.9605571139298654,2.4382177077015292,2.3894533535474984,
Myopic adaptive,88,1.0129385116296798,0.04,64,0.9366244595265464,2.4724573608516223,2.3735590664175574,
Myopic adaptive,89,0.9953081106357725,0.02,64,0.956907189768057,2.4433967613519005,2.3945288261248625,
Myopic adaptive,90,1.0195607333284893,0.04,64,0.9418524236054647,2.4649217115358284,2.3663248430743953,
Myopic adaptive,91,1.0108610357895278,0.04,64,0.9349813108142319,2.4748322319451863,2.3758389426673787,
Myopic adaptive,92,1.0101123148527813,0.04,64,0.9343887620368975,2.475689403260989,2.3766618271305493,
Myopic adaptive,93,1.0154129462413013,0.04,64,0.9385796647693232,2.4696354619679886,2.370850043489269,
Myopic adaptive,94,1.025289520149909,0.04,64,0.9463630269167135,2.4584451665260922,2.3601073598650486,
Myopic adaptive,95,1.0385841210377396,0.04,64,0.9567875311933001,2.44356681316371,2.3458241406371614,
Myopic adaptive,96,1.0543837189840648,0.04,64,0.9690976878647597,2.4261598912545828,2.3291134956043993,
Myopic adaptive,97,1.0719715898289188,0.06,64,0.9456871847403064,2.459414087711603,2.3118492424489068,
Myopic adaptive,98,1.057567298298447,0.04,64,0.971567800543115,2.422688472614587,2.3257809337100035,
Myopic adaptive,99,1.0875115506890127,0.06,64,0.956305233662244,2.4442523950923207,2.2975972513867813,
Myopic adaptive,100,1.0808938842690028,0.06,64,0.9517961222091409,2.4506751157586897,2.303634608813168,
Myopic adaptive,101,1.0840958071923728,0.06,64,0.9539801586806758,2.4475612592120664,2.3007075836593422,
Myopic adaptive,102,1.0933542154235358,0.06,64,0.9602707964720094,2.4386234163201563,2.292306011340947,
Myopic adaptive,103,1.1063110776821194,0.06,64,0.9690131994567636,2.42627875550368,2.280702030173459,
Myopic adaptive,104,1.1214772151464727,0.06,64,0.9791558121383552,2.412069504852183,2.267345334561052,
Myopic adaptive,105,1.1379158570169146,0.06,64,0.990039507758069,2.3969574679691585,2.253140019891009,
Myopic adaptive,106,1.1550445508602305,0.06,64,1.001258773481659,2.3815271200348906,2.238635492832797,
Myopic adaptive,107,1.1725073892632045,0.1,64,0.9363330160991089,2.4728783657052325,2.2255905291347093,
Myopic adaptive,108,1.1259396905703765,0.06,64,0.9821216229258425,2.4079375346398355,2.2634612825614453,
Myopic adaptive,109,1.1725234495964185,0.1,64,0.9363411950116817,2.4728665495357234,2.225579894582151,
Myopic adaptive,110,1.1430976963892128,0.06,64,0.993446646260653,2.392255599900871,2.2487202639068187,
Myopic adaptive,111,1.1987595112737497,0.1,64,0.9495406414312813,2.4538966220893004,2.2085069598803706,
Myopic adaptive,112,1.1714638867799898,0.1,64,0.9358013392232719,2.4736466482015125,2.2262819833813614,
Myopic adaptive,113,1.1694006587556405,0.1,64,0.9347485857376634,2.4751688408229917,2.2276519567406927,
Myopic adaptive,114,1.1777366781923777,0.1,64,0.9389896659587121,2.4690442688604795,2.2221398419744314,
Myopic adaptive,115,1.1903809610045846,0.1,64,0.9453603185601378,2.459882887637178,2.21389459887346,
Myopic adaptive,116,1.2047694015395034,0.1,64,0.952519118521345,2.449643703468416,2.2046793331215744,
Myopic adaptive,117,1.2198259113775556,0.1,64,0.959908052297567,2.439137558029248,2.195223802226323,
Myopic adaptive,118,1.2351060360291668,0.1,64,0.9673009696927273,2.428689447787095,2.1858205030083853,
Myopic adaptive,119,1.2504307059161355,0.1,64,0.9746096504399208,2.4184234242315257,2.176581081808373,
Myopic adaptive,120,1.2657304422855655,0.1,64,0.9818019816094047,2.4083823580749724,2.167544122267475,
Myopic adaptive,121,1.2809800837121512,0.1,64,0.9888681282770075,2.398577171697224,2.1587194545275015,
Myopic adaptive,122,1.2961719582614215,0.1,64,0.9958068422720405,2.389006633270371,2.150105969943334,
Myopic adaptive,123,1.311305085924714,0.1,64,1.0026200427397725,2.3796651369457362,2.1416986232511626,
Myopic adaptive,124,1.32638092826444,0.1,64,1.009310721226659,2.370545687537209,2.133491118783488,
Myopic adaptive,125,1.3414017551636168,0.1,64,1.0158821538140337,2.361641012876078,2.1254769115884704,
Myopic adaptive,126,1.3563700349581982,0.1,64,1.0223376156950992,2.352943961370165,2.1176495652331484,
Myopic adaptive,127,1.371288215799439,0.1,64,1.0286802843676337,2.344447633057684,2.110002869751916,
Myopic adaptive,128,1.3861586530088976,0.1,64,1.0349132117419082,2.336145413957829,2.1025308725620464,
Myopic adaptive,129,1.4009835893939324,0.15,64,0.9410029428653858,2.4661440433871538,2.0962224368790805,
Myopic adaptive,130,1.3439176473845984,0.1,64,1.016973655524024,2.360166983302653,2.1241502849723877,
Myopic adaptive,131,1.408631757261815,0.15,64,0.9433101209812164,2.462826129004404,2.093402209653743,
Myopic adaptive,132,1.3673636558930757,0.1,64,1.0270204629188906,2.346666377882844,2.11199974009456,
Myopic adaptive,133,1.4369840814879524,0.15,64,0.951684508934486,2.4508343949270226,2.0832092356879692,
Myopic adaptive,134,1.3952132182338186,0.15,64,0.9392484514687738,2.468671216732141,2.09837053422232,
Myopic adaptive,135,1.3979735113644791,0.15,64,0.9400892083272335,2.467459750674996,2.0973407880737462,
Myopic adaptive,136,1.4098217029519038,0.15,64,0.9436672249847935,2.462313127909723,2.0929661587232644,
Myopic adaptive,137,1.4235469925966315,0.15,64,0.9477503326090202,2.456457900730739,2.0879892156211284,
Myopic adaptive,138,1.4376435789893636,0.15,64,0.9518760087924255,2.450561121420837,2.0829769532077114,
Myopic adaptive,139,1.4518016140302208,0.15,64,0.9559516308002525,2.4447552103271546,2.0780419287780814,
Myopic adaptive,140,1.4659592758538789,0.15,64,0.9599601652535082,2.4390636853949745,2.073204132585728,
Myopic adaptive,141,1.4801051141932497,0.15,64,0.9638996428563064,2.4334884634544585,2.0684651939362895,
Myopic adaptive,142,1.4942376545750615,0.15,64,0.9677709938025089,2.428027345987728,2.0638232440895687,
Myopic adaptive,143,1.5083573265210901,0.15,64,0.9715756598568308,2.422677438840228,2.0592758230141937,
Myopic adaptive,144,1.5224648884399183,0.15,64,0.9753151377609944,2.41743580298452,2.0548204325368418,
Myopic adaptive,145,1.5365611285733343,0.15,64,0.9789908953885166,2.4122995727382732,2.0504546368275323,
Myopic adaptive,146,1.5506468108018627,0.15,64,0.9826043581174501,2.4072659740146847,2.046176077912482,
Myopic adaptive,147,1.564722666288261,0.15,64,0.986156908045144,2.402332324362876,2.0419824757084446,
Myopic adaptive,148,1.5787893934300896,0.15,64,0.9896498854175525,2.3974960298924315,2.0378716254085667,
Myopic adaptive,149,1.5928476592114553,0.15,64,0.9930845903553462,2.392754581798789,2.0338413945289706,
Myopic adaptive,150,1.6068981007160417,0.15,64,0.996462284544239,2.388105552960809,2.0298897200166874,
Myopic adaptive,151,1.6209413265898096,0.15,64,0.9997841928383817,2.3835465946841516,2.026014605481529,
Myopic adaptive,152,1.6349779184227615,0.15,64,1.0030515047740582,2.379075433595658,2.022214118556309,
Myopic adaptive,153,1.6490084320499552,0.15,64,1.006265375998641,2.3746898686827262,2.0184863883803175,
Myopic adaptive,154,1.6630333987766888,0.15,64,1.0094269296205742,2.3703877684703003,2.0148296031997552,
Myopic adaptive,155,1.677053326533143,0.15,64,1.0125372574858742,2.366167068328182,2.0112420080789546,
Myopic adaptive,156,1.6910687009634386,0.15,64,1.0155974213862082,2.3620257679018146,2.0077219027165425,
Myopic adaptive,157,1.7050799864536739,0.15,64,1.0186084542032074,2.3579619286600604,2.0042676393610512,
Myopic adaptive,158,1.7190876271031308,0.15,64,1.0215713609932855,2.3539736715538613,2.000877620820782,
Myopic adaptive,159,1.7330920476425,0.15,64,1.0244871200169006,2.3500591747800677,1.9975502985630575,
Myopic adaptive,160,1.0314910853131611,0.04,64,0.9512332746959457,2.451478481393145,2.3534193421374194,
Myopic adaptive,161,0.9587725188431155,0.01,64,0.9410657589284119,2.466053628100757,2.4413930918197493,
Myopic adaptive,162,0.9486858081722883,0.0,64,0.9486858081722883,2.4551191158224723,2.4551191158224723,
Myopic adaptive,163,0.9562451373092089,0.01,64,0.9386754899009561,2.4694972716810284,2.444802298964218,
Myopic adaptive,164,0.9463147866015831,0.0,64,0.9463147866015831,2.4585143088657526,2.4585143088657526,
Myopic adaptive,165,0.9538929055930753,0.01,64,0.9364502485686423,2.4727090058539094,2.44798191579537,
Myopic adaptive,166,0.9441075511001233,0.0,64,0.9441075511001233,2.4616807744207083,2.4616807744207083,
Myopic adaptive,167,0.9517032457884506,0.01,64,0.9343782661374849,2.475704590037831,2.4509475441374526,
Myopic adaptive,168,0.9420524105537295,0.0,64,0.9420524105537295,2.4646340669126716,2.4646340669126716,
Myopic adaptive,169,0.9496645429993121,0.0,64,0.9496645429993121,2.4537195008552337,2.4537195008552337,
Myopic adaptive,170,0.9572161429009084,0.01,64,0.9395938993717416,2.468173355345562,2.4434916217921065,
Myopic adaptive,171,0.9472257892058232,0.0,64,0.9472257892058232,2.4572090301259033,2.4572090301259033,
Myopic adaptive,172,0.9547966776945732,0.01,64,0.9373052991959645,2.471474229025449,2.4467594867351945,
Myopic adaptive,173,0.9449556729819851,0.0,64,0.9449556729819851,2.4604634106618795,2.4604634106618795,
Myopic adaptive,174,0.9525446046778263,0.01,64,0.9351744695558709,2.4745528975917677,2.44980736861585,
Myopic adaptive,175,0.9428421333972642,0.0,64,0.9428421333972642,2.463498641983199,2.463498641983199,
Myopic adaptive,176,0.9504479409778868,0.01,64,0.9331901915321515,2.4774244496486117,2.4526502051521257,
Myopic adaptive,177,0.9408740264093879,0.0,64,0.9408740264093879,2.466329615420006,2.466329615420006,
Myopic adaptive,178,0.9484956160003132,0.0,64,0.9484956160003132,2.455391223456453,2.455391223456453,
Myopic adaptive,179,0.9560564489463024,0.01,64,0.9384970103308079,2.469754667073141,2.4450571204024096,
Myopic adaptive,180,0.9461377481106356,0.0,64,0.9461377481106356,2.4587680791997215,2.4587680791997215,
Myopic adaptive,181,0.9537172738290234,0.01,64,0.936284074719012,2.472949073468293,2.44821958273361,
Myopic adaptive,182,0.9439427252606147,0.0,64,0.9439427252606147,2.4619174552260947,2.4619174552260947,
Myopic adaptive,183,0.9515397356770953,0.01,64,0.9342235227197071,2.475928506584688,2.451169221518841,
Myopic adaptive,184,0.9418989279125543,0.0,64,0.9418989279125543,2.4648548195223805,2.4648548195223805,
Myopic adaptive,185,0.9495122908118773,0.0,64,0.9495122908118773,2.453937152691359,2.453937152691359,
Myopic adaptive,186,0.9570650920406715,0.01,64,0.9394510371251112,2.468379232702458,2.4436954403754334,
Myopic adaptive,187,0.9470840781870673,0.0,64,0.9470840781870673,2.457412010092672,2.457412010092672,
Myopic adaptive,188,0.9546560905139856,0.01,64,0.9371722967208221,2.4716662431011955,2.4469495806701835,
Myopic adaptive,189,0.9448237474476288,0.0,64,0.9448237474476288,2.460652717668561,2.460652717668561,
Myopic adaptive,190,0.9524137303404338,0.01,64,0.9350506242095717,2.4747319902934293,2.449984670390495,
Myopic adaptive,191,0.9427192953550435,0.0,64,0.9427192953550435,2.463675205669349,2.463675205669349,
Myopic adaptive,192,0.9503260860539974,0.01,64,0.9330748537537711,2.4775914978244313,2.452815582846187,
Myopic adaptive,193,0.940759630674925,0.0,64,0.940759630674925,2.466494301120138,2.466494301120138,
Myopic adaptive,194,0.948382139597547,0.0,64,0.948382139597547,2.4555535938135606,2.4555535938135606,
Myopic adaptive,195,0.9559438700612193,0.01,64,0.9383905205802785,2.4699082591760573,2.4452091765842967,
Myopic adaptive,196,0.9460321184372791,0.0,64,0.9460321184372791,2.45891950793147,2.45891950793147,
Myopic adaptive,197,0.9536124837243513,0.01,64,0.9361849260632726,2.473092326217083,2.4483614029549123,
Myopic adaptive,198,0.9438443811286346,0.0,64,0.9438443811286346,2.4620586867983283,2.4620586867983283,
Myopic adaptive,199,0.9514421767969377,0.01,64,0.934131193147536,2.47606212206038,2.451301500839776,
Myopic adaptive,200,0.9418073507948636,0.0,64,0.9418073507948636,2.4649865468366254,2.4649865468366254,
Myopic adaptive,201,0.9494214480467771,0.0,64,0.9494214480467771,2.454067029536075,2.454067029536075,
Myopic adaptive,202,0.9569749662406217,0.01,64,0.9393657959569824,2.468502083974696,2.443817063134949,
Myopic adaptive,203,0.9469995240832464,0.0,64,0.9469995240832464,2.4575331322788916,2.4575331322788916,
Myopic adaptive,204,0.9545722071241626,0.01,64,0.9370929378401756,2.4717808221345496,2.447063013913204,
Myopic adaptive,205,0.9447450312914756,0.0,64,0.9447450312914756,2.4607656812020657,2.4607656812020657,
Myopic adaptive,206,0.9523356415413271,0.01,64,0.9349767285203758,2.474838859091219,2.450090470500307,
Myopic adaptive,207,0.9426460008267497,0.0,64,0.9426460008267497,2.463780565230846,2.463780565230846,
Myopic adaptive,208,0.9502533782495406,0.01,64,0.9330060338077082,2.477691179575935,2.4529142677801756,
Myopic adaptive,209,0.9406913729388563,0.0,64,0.9406913729388563,2.4665925730264298,2.4665925730264298,
Myopic adaptive,210,0.9483144305142627,0.0,64,0.9483144305142627,2.45565048400034,2.45565048400034,
Myopic adaptive,211,0.9558766966097616,0.01,64,0.9383269797351184,2.469999911437698,2.445299912323321,
Myopic adaptive,212,0.9459690908792048,0.0,64,0.9459690908792048,2.4590098691702673,2.4590098691702673,
Myopic adaptive,213,0.9535499572119067,0.01,64,0.9361257651456663,2.473177808875717,2.4484460307869598,
Myopic adaptive,214,0.9437857003417455,0.0,64,0.9437857003417455,2.462142963294956,2.462142963294956,
Myopic adaptive,215,0.9513839646376004,0.01,64,0.9340761007627865,2.476141854036356,2.4513804354959925,
Myopic adaptive,216,0.9417527074642319,0.0,64,0.9417527074642319,2.4650651520325084,2.4650651520325084,
Myopic adaptive,217,0.9493672429656561,0.0,64,0.9493672429656561,2.4541445304439917,2.4541445304439917,
Myopic adaptive,218,0.9569211890308476,0.01,64,0.9393149329423993,2.468575392709131,2.4438896387820397,
Myopic adaptive,219,0.9469490710954755,0.0,64,0.9469490710954755,2.4576054091654984,2.4576054091654984,
Myopic adaptive,220,0.9545221544042778,0.01,64,0.9370455845063648,2.4718491946916528,2.447130702744736,
Myopic adaptive,221,0.944698061521709,0.0,64,0.944698061521709,2.460833089697617,2.460833089697617,
Myopic adaptive,222,0.9522890461634401,0.01,64,0.9349326348471668,2.474902630815288,2.4501536045071353,
Myopic adaptive,223,0.9426022659119093,0.0,64,0.9426022659119093,2.4638434363092037,2.4638434363092037,
Myopic adaptive,224,0.9502099934763188,0.01,64,0.932964968650298,2.4777506626526717,2.452973156026145,
Myopic adaptive,225,0.9406506432935936,0.0,64,0.9406506432935936,2.4666512147715918,2.4666512147715918,
Myopic adaptive,226,0.948274028289635,0.0,64,0.948274028289635,2.4557083011975407,2.4557083011975407,
Myopic adaptive,227,0.9558366140343503,0.01,64,0.9382890645132753,2.4700546031064703,2.4453540570754058,
Myopic adaptive,228,0.945931481971711,0.0,64,0.945931481971711,2.4590637904165216,2.4590637904165216,
Myopic adaptive,229,0.95351264731266,0.01,64,0.9360904633138176,2.473228819009371,2.4484965308192774,
Myopic adaptive,230,0.9437506850366137,0.0,64,0.9437506850366137,2.4621932536485787,2.4621932536485787,
Myopic adaptive,231,0.9513492289937895,0.01,64,0.9340432265388072,2.4761894326069647,2.451427538280895,
Myopic adaptive,232,0.941720101220647,0.0,64,0.941720101220647,2.4651120581956785,2.4651120581956785,
Myopic adaptive,233,0.9493348982540489,0.0,64,0.9493348982540489,2.4541907776216,2.4541907776216,
Myopic adaptive,234,0.9568890996573352,0.01,64,0.939284582347985,2.4686191383480307,2.4439329469645505,
Myopic adaptive,235,0.9469189651900676,0.0,64,0.9469189651900676,2.4576485390487397,2.4576485390487397,
Myopic adaptive,236,0.9544922873636164,0.01,64,0.9370173280920386,2.4718899947914306,2.447171094843516,
Myopic adaptive,237,0.9446700340038013,0.0,64,0.9446700340038013,2.4608733144941874,2.4608733144941874,
Myopic adaptive,238,0.9522612420679228,0.01,64,0.9349063234414714,2.4749406854798823,2.4501912786250837,
Myopic adaptive,239,0.9425761685990417,0.0,64,0.9425761685990417,2.4638809535147668,2.4638809535147668,
2-step predictive,0,0.5063595560468865,0.0,64,0.5063595560468865,3.1357538007379713,3.1357538007379713,5.950033568409406
2-step predictive,1,0.5126402247190519,0.0,64,0.5126402247190519,3.1269775196349276,3.1269775196349276,5.9333813425948705
2-step predictive,2,0.518844870842914,0.0,64,0.518844870842914,3.1182264699554922,3.1182264699554922,5.91677830257119
2-step predictive,3,0.5249761899362676,0.0,64,0.5249761899362676,3.1095020362396646,3.1095020362396646,5.900227033764252
2-step predictive,4,0.5310367218940703,0.0,64,0.5310367218940703,3.100805552805097,3.100805552805097,5.8837300253138505
2-step predictive,5,0.5370288632839022,0.0,64,0.5370288632839022,3.0921383027875042,3.0921383027875042,5.867289668501377
2-step predictive,6,0.5429548784199292,0.0,64,0.5429548784199292,3.083501517459859,3.083501517459859,5.850908255687128
2-step predictive,7,0.5488169093604898,0.0,64,0.5488169093604898,3.0748963758080765,3.0748963758080765,5.834587979715762
2-step predictive,8,0.554616984954482,0.0,64,0.554616984954482,3.066324004341873,3.066324004341873,5.818330933750043
2-step predictive,9,0.560357029044876,0.0,64,0.560357029044876,3.057785477120189,3.057785477120189,5.802139111494284
2-step predictive,10,0.5660388679233963,0.0,64,0.5660388679233963,3.0492818159712174,3.0492818159712174,5.786014407770183
2-step predictive,11,0.5716642371182582,0.0,64,0.5716642371182582,3.040813990887739,3.040813990887739,5.76995861940904
2-step predictive,12,0.5772347875864726,0.0,64,0.5772347875864726,3.032382920579224,3.032382920579224,5.75397344642591
2-step predictive,13,0.5827520913733387,0.0,64,0.5827520913733387,3.0239894731629846,3.0239894731629846,5.73806049344279
2-step predictive,14,0.5882176467941098,0.0,64,0.5882176467941098,3.0156344669775614,3.0156344669775614,5.722221271329812
2-step predictive,15,0.5936328831862333,0.0,64,0.5936328831862333,3.007318671502501,3.007318671502501,5.706457199035247
2-step predictive,16,0.5989991652748776,0.0,64,0.5989991652748776,2.9990428083697176,2.9990428083697176,5.690769605577081
2-step predictive,17,0.6043177971895253,0.0,64,0.6043177971895253,2.9908075524526265,2.9908075524526265,5.675159732170929
2-step predictive,18,0.609590026165127,0.0,64,0.609590026165127,2.9826135330203365,2.9826135330203365,5.65962873447098
2-step predictive,19,0.6148170459575761,0.0,64,0.6148170459575761,2.9744613349451594,2.9744613349451594,5.644177684902656
2-step predictive,20,0.6200000000000002,0.0,64,0.6200000000000002,2.9663514999527743,2.9663514999527743,5.628807575067526
2-step predictive,21,0.6251399843235116,0.0,64,0.6251399843235116,2.95828452790528,2.95828452790528,5.613519318202814
2-step predictive,22,0.6302380502635495,0.0,64,0.6302380502635495,2.9502608781083706,2.9502608781083706,5.59831375167959
2-step predictive,23,0.6352952069707439,0.0,64,0.6352952069707439,2.942280970634688,2.942280970634688,5.583191639525346
2-step predictive,24,0.6403124237432851,0.0,64,0.6403124237432851,2.934345187656286,2.934345187656286,5.568153674958186
2-step predictive,25,0.6452906321960674,0.0,64,0.6452906321960674,2.926453874779888,2.926453874779888,5.553200482921289
2-step predictive,26,0.6502307282803547,0.0,64,0.6502307282803547,2.918607342379334,2.918607342379334,5.538332622607609
2-step predictive,27,0.6551335741663683,0.0,64,0.6551335741663683,2.9108058669203056,2.9108058669203056,5.5235505899660176
2-step predictive,28,0.6600000000000004,0.0,64,0.6600000000000004,2.903049692273014,2.903049692273014,5.508854820181191
2-step predictive,29,0.6648308055437868,0.0,64,0.6648308055437868,2.8953390310090854,2.8953390310090854,5.494245690120578
2-step predictive,30,0.6696267617113286,0.0,64,0.6696267617113286,2.8876740656794357,2.8876740656794357,5.479723520742725
2-step predictive,31,0.674388612003495,0.0,64,0.674388612003495,2.880054950070321,2.880054950070321,5.465288579462051
2-step predictive,32,0.6791170738539861,0.0,64,0.6791170738539861,2.8724818104352554,2.8724818104352554,5.450941082465977
2-step predictive,33,0.6838128398911507,0.0,64,0.6838128398911507,2.864954746700802,2.864954746700802,5.436681196980964
2-step predictive,34,0.6884765791223406,0.0,64,0.6884765791223406,2.857473833644624,2.857473833644624,5.422509043484652
2-step predictive,35,0.6931089380465386,0.0,64,0.6931089380465386,2.8500391220444747,2.8500391220444747,5.408424697861857
2-step predictive,36,0.6977105417004966,0.0,64,0.6977105417004966,2.842650639797091,2.842650639797091,5.394428193502662
2-step predictive,37,0.7022819946431779,0.0,64,0.7022819946431779,2.8353083930061906,2.8353083930061906,5.380519523341283
2-step predictive,38,0.706823881882892,0.0,64,0.706823881882892,2.8280123670389914,2.8280123670389914,5.366698641834784
2-step predictive,39,0.7113367697511499,0.0,64,0.7113367697511499,2.820762527550881,2.820762527550881,5.352965466881091
2-step predictive,40,0.7158212067269315,0.0,64,0.7158212067269315,2.813558821478011,2.813558821478011,5.33931988167598
2-step predictive,41,0.7202777242147645,0.0,64,0.7202777242147645,2.806401177997743,2.806401177997743,5.325761736509074
2-step predictive,42,0.7247068372797377,0.0,64,0.7247068372797377,2.7992895094570343,2.7992895094570343,5.3122908504990605
2-step predictive,43,0.7291090453423275,0.0,64,0.7291090453423275,2.792223712268918,2.792223712268918,5.298907013268545
2-step predictive,44,0.73348483283569,0.0,64,0.73348483283569,2.785203667777364,2.785203667777364,5.285609986559159
2-step predictive,45,0.7378346698278687,0.0,64,0.7378346698278687,2.7782292430908835,2.7782292430908835,5.272399505787652
2-step predictive,46,0.7421590126111789,0.0,64,0.7421590126111789,2.7713002918852983,2.7713002918852983,5.259275281543873
2-step predictive,47,0.7464583042608609,0.0,64,0.7464583042608609,2.7644166551761944,2.7644166551761944,5.246237001031616
2-step predictive,48,0.7507329751649384,0.0,64,0.7507329751649384,2.7575781620615802,2.7575781620615802,5.2332843294534
2-step predictive,49,0.754983443527075,0.0,64,0.754983443527075,2.750784630435355,2.750784630435355,5.220416911340349
2-step predictive,50,0.7592101158440923,0.0,64,0.7592101158440923,2.744035867672215,2.744035867672215,5.207634371828403
2-step predictive,51,0.7634133873596926,0.0,64,0.7634133873596926,2.7373316712846534,2.7373316712846534,5.194936317882111
2-step predictive,52,0.7675936424958195,0.01,64,0.7584165410369328,2.7453024376202033,2.7178494132440014,5.18258029682468
2-step predictive,53,0.7626241864237099,0.0,64,0.7626241864237099,2.738589870645198,2.738589870645198,5.197319399605028
2-step predictive,54,0.7668087438979979,0.01,64,0.7576594315940003,2.746511043131856,2.719045932700537,5.184857374996092
2-step predictive,55,0.7618712583391918,0.0,64,0.7618712583391918,2.7397904914395057,2.7397904914395057,5.199593427364816
2-step predictive,56,0.7660599286500654,0.01,64,0.7569370765711582,2.747664380087812,2.720187736286934,5.1870303265482605
2-step predictive,57,0.7611529004661884,0.0,64,0.7611529004661884,2.7409362114014737,2.7409362114014737,5.201763472640216
2-step predictive,58,0.7653455022982047,0.0,64,0.7653455022982047,2.7342525124874917,2.7342525124874917,5.189104273300483
2-step predictive,59,0.769515261634291,0.01,64,0.7602698925828286,2.7423448311617094,2.7149213828500924,5.17700801650353
2-step predictive,60,0.7644673371491458,0.0,64,0.7644673371491458,2.735651815170486,2.735651815170486,5.1917546044342835
2-step predictive,61,0.7686418604056806,0.01,64,0.7594275609376622,2.7436888631203193,2.7162519744891163,5.179540238987041
2-step predictive,62,0.763629635564078,0.0,64,0.763629635564078,2.7369869605532497,2.7369869605532497,5.194283421883949
2-step predictive,63,0.7678087133601225,0.01,64,0.7586239877335662,2.744971321752293,2.7175216085347698,5.1819564570457874
2-step predictive,64,0.7628304888799201,0.0,64,0.7628304888799201,2.73826094279002,2.73826094279002,5.196696396389413
2-step predictive,65,0.7670139208415828,0.01,64,0.7578573496210579,2.7461950762836604,2.718733125520824,5.1842620761203495
2-step predictive,66,0.7620680825061855,0.0,64,0.7620680825061855,2.739476611777251,2.739476611777251,5.198998925484045
2-step predictive,67,0.766255676895548,0.01,64,0.7571259126767164,2.747362858074555,2.719889229493809,5.186462241931439
2-step predictive,68,0.7613406909173781,0.0,64,0.7613406909173781,2.740636680486256,2.740636680486256,5.201196147381902
2-step predictive,69,0.7655322642753541,0.01,64,0.7564280276824882,2.7484772675955904,2.7209924949196345,5.188561853622272
2-step predictive,70,0.7606466729458685,0.0,64,0.7606466729458685,2.74174373189182,2.74174373189182,5.203292954099668
2-step predictive,71,0.7648420497485864,0.0,64,0.7648420497485864,2.7350546913420533,2.7350546913420533,5.19062362943647
2-step predictive,72,0.76901453891563,0.01,64,0.7597869904945102,2.7431153184109123,2.7156841652268033,5.178459652114896
2-step predictive,73,0.7639870881924019,0.0,64,0.7639870881924019,2.736417207653435,2.736417207653435,5.1932042873442175
2-step predictive,74,0.7681642213255606,0.01,64,0.758966884007346,2.7444240461596494,2.716979805698053,5.180925361333013
2-step predictive,75,0.7631714951567703,0.0,64,0.7631714951567703,2.737717284038844,2.737717284038844,5.1956666841656585
2-step predictive,76,0.7673530680331058,0.01,64,0.7581844899223441,2.7456728462513036,2.7182161177887907,5.183278166462482
2-step predictive,77,0.7623934159991186,0.0,64,0.7623934159991186,2.7389578318596564,2.7389578318596564,5.198016333841174
2-step predictive,78,0.7665792331904152,0.01,64,0.7574380362370677,2.746864508791615,2.719395863703699,5.185523323892448
2-step predictive,79,0.7616510872694041,0.0,64,0.7616510872694041,2.7401416224319433,2.7401416224319433,5.169351064243925
2-step predictive,80,0.7874721447382539,0.02,64,0.7680374755719922,2.729965198226594,2.675365894262062,5.090166666668826
2-step predictive,81,0.7976140956029636,0.02,64,0.7774380112088827,2.715021099585007,2.6607206775933068,5.056802855108019
2-step predictive,82,0.8108542958043606,0.04,64,0.7700885465458644,2.7267008737712626,2.617632838820412,5.017324692210708
2-step predictive,83,0.8082950005489367,0.04,64,0.76789515931006,2.730191771432419,2.620984100575122,5.016915224857906
2-step predictive,84,0.8109614597694019,0.04,64,0.770180344681582,2.7265548220083633,2.6174926291280287,5.003345987611221
2-step predictive,85,0.8181233504371108,0.04,64,0.7763072201738778,2.7168163528568594,2.608143698742585,4.978613405882541
2-step predictive,86,0.8291049134197045,0.04,64,0.7856706469614774,2.701971929401409,2.5938930522253525,4.944641263456846
2-step predictive,87,0.8432768771491131,0.06,64,0.7775160239689101,2.7148972707864454,2.5520034345392584,4.905394465700817
2-step predictive,88,0.8413712775877848,0.06,64,0.7760216143346212,2.7172698892700455,2.5542336959138425,4.901319550472287
2-step predictive,89,0.8459210381758263,0.06,64,0.7795871142034748,2.7116110433531815,2.5489143807519903,4.883014388282065
2-step predictive,90,0.8553296368930684,0.06,64,0.7869328496497269,2.6999746736291503,2.537976193211401,4.854238653020339
2-step predictive,91,0.8683417274805058,0.06,64,0.7970308065900057,2.6840309603213006,2.5229891027020224,4.818029672871865
2-step predictive,92,0.8839654652184441,0.06,64,0.809061368827866,2.6651227888178153,2.5052154214887463,4.7768098182470595
2-step predictive,93,0.9014218719906979,0.1,64,0.7799421363958343,2.711047957598062,2.4399431618382557,4.737125656063348
2-step predictive,94,0.8823811813136281,0.06,64,0.807846131975979,2.6670282006541504,2.5070065086149014,4.761689419728729
2-step predictive,95,0.9141495341055098,0.1,64,0.7881425567135022,2.6980613668913427,2.4282552302022085,4.696237928003416
2-step predictive,96,0.9041301547424424,0.1,64,0.781694421402646,2.7082697467583903,2.437442772082551,4.7028017119276555
2-step predictive,97,0.9061009486958582,0.1,64,0.7829670473429958,2.706253096715941,2.435627787044347,4.689231999180626
2-step predictive,98,0.9149654290044179,0.1,64,0.7886652507831292,2.6972349291348006,2.4275114362213204,4.664292245287399
2-step predictive,99,0.9277554956035836,0.1,64,0.7968121659917243,2.6843754927902412,2.415937943511217,4.633244361185005
2-step predictive,100,0.9427202750512776,0.1,64,0.8062327258800603,2.6695595335305216,2.4026035801774697,4.599785064673073
2-step predictive,101,0.9588321381762904,0.1,64,0.8162415633615443,2.653886611064291,2.3884979499578622,4.565847808544591
2-step predictive,102,0.9754976099339794,0.1,64,0.8264491822749319,2.6379801344018317,2.3741821209616485,4.532521593599334
2-step predictive,103,0.9923822090949075,0.1,64,0.8366415286593374,2.622180884634207,2.3599627961707865,4.4997591039450855
2-step predictive,104,1.0093035276113362,0.1,64,0.8467061871113198,2.606666042481985,2.3459994382337865,4.469242415609531
2-step predictive,105,1.0261665364349035,0.1,64,0.8565880846584409,2.5915206722665434,2.332368605039889,4.43945247657057
2-step predictive,106,1.0429251336164493,0.1,64,0.8662635461391911,2.57677953165739,2.319101578491651,4.410432545346346
2-step predictive,107,1.0595598037734664,0.1,64,0.8757254932483032,2.5624508602616127,2.3062057742354516,4.383468638284368
2-step predictive,108,1.0760649651807481,0.15,64,0.8210370572921514,2.6464037246753365,2.249443165974036,4.358060862022832
2-step predictive,109,1.0413213755041957,0.1,64,0.8653438588374969,2.578176901087138,2.320359210978424,4.389675037102311
2-step predictive,110,1.0857059933712212,0.1,64,0.890314868979131,2.540532762081188,2.2864794858730693,4.332366701064149
2-step predictive,111,1.1147863888781866,0.15,64,0.837854049244772,2.6203071224901047,2.227261054116589,4.2988702155697895
2-step predictive,112,1.0829125616298911,0.1,64,0.8887725251810988,2.54283959790813,2.288555638117317,4.320862209619675
2-step predictive,113,1.1321176421745416,0.15,64,0.8451378470923798,2.6090778360294844,2.2177161606250615,4.269033532178614
2-step predictive,114,1.1079561115897132,0.15,64,0.8349426221997597,2.6248083779583102,2.2310871212645638,4.280654987514155
2-step predictive,115,1.1101506302798532,0.1,64,0.9036461014521511,2.5206974459647995,2.26862770136832,4.271769525948644
2-step predictive,116,1.1723222490626881,0.15,64,0.861474734723443,2.5840644967556994,2.1964548222423446,4.214937195140593
2-step predictive,117,1.1501396878145846,0.15,64,0.8525565222552242,2.5976888500142206,2.2080355225120876,4.223857629881994
2-step predictive,118,1.1536533599872603,0.1,64,0.9266470440678889,2.4869248146828773,2.2382323332145897,4.214253833550219
2-step predictive,119,1.2192540869766197,0.15,64,0.8795923841555428,2.5566205097651977,2.173127433300418,4.163469337818878
2-step predictive,120,1.194107341934644,0.15,64,0.8700094044165269,2.5710965334194618,2.1854320534065423,4.173841466195025
2-step predictive,121,1.1974519646099528,0.15,64,0.8713004246246141,2.5691410364143956,2.1837698809522363,4.165646786338176
2-step predictive,122,1.2088697201155338,0.15,64,0.8756695056299978,2.562535385855626,2.1781550779772823,4.15232174701721
2-step predictive,123,1.2225738604871663,0.15,64,0.880836382541077,2.5547480459532923,2.1715358390602986,4.137794095069422
2-step predictive,124,1.2368961757432129,0.15,64,0.8861477725691623,2.546770999677296,2.1647553497257017,4.123178134401358
2-step predictive,125,1.2513626219454699,0.15,64,0.891422221060691,2.538878050129244,2.158046342609857,4.10877720856934
2-step predictive,126,1.2658422877655175,0.15,64,0.8966120346196375,2.5311399786086226,2.151468981817329,4.094666787549949
2-step predictive,127,1.280300867355027,0.15,64,0.9017064936236956,2.523571667784412,2.14503591761675,4.0808600296547075
2-step predictive,128,1.2947305837539735,0.15,64,0.906704795133779,2.5161730877458126,2.1387471245839405,4.067353644912875
2-step predictive,129,1.3091307220563357,0.15,64,0.9116086728707491,2.5089404340422847,2.132599368935942,4.054140287570933
2-step predictive,130,1.323502352443548,0.15,64,0.9164204358670113,2.5018690770653786,2.1265887155055716,4.041211816776414
2-step predictive,131,1.3378469369891668,0.15,64,0.9211424630430113,2.4949543195486714,2.1207111716163705,4.028560126235801
2-step predictive,132,1.3521659736632283,0.15,64,0.9257770792940616,2.488191581741278,2.114962844480086,4.016177342599699
2-step predictive,133,1.3664609104331837,0.15,64,0.9303265289004834,2.4815764409774417,2.1093399748308252,4.004055864227583
2-step predictive,134,1.380733127785568,0.15,64,0.934792972937909,2.4751046353359105,2.1038389400355237,3.9924495650875373
2-step predictive,135,1.3949839379520956,0.15,64,0.9391784922480508,2.468772058891521,2.098456250057793,3.9823259378421803
2-step predictive,136,1.409214587918463,0.15,64,0.9434850914642571,2.462574755273709,2.0931885419826526,3.9724178589877126
2-step predictive,137,1.4234262630834555,0.15,64,0.9477147030357025,2.4565089111177256,2.0880325744500667,3.9627192745169317
2-step predictive,138,1.4376200908442007,0.15,64,0.9518691910254158,2.450570849760608,2.0829852222965166,3.9532243466091614
2-step predictive,139,1.451797143959698,0.15,64,0.9559503546510846,2.4447570252452877,2.0780434714584946,3.9439274441814804
2-step predictive,140,1.4659584436776854,0.15,64,0.9599599315800335,2.439064016631354,2.073204414136651,3.9348231339238113
2-step predictive,141,1.48010496263833,0.15,64,0.9638996009974021,2.433488522597595,2.068465244207956,3.9259061717924384
2-step predictive,142,1.494237627572809,0.15,64,0.967770986466518,2.428027356319585,2.0638232528716474,3.9171714949353857
2-step predictive,143,1.508357321814275,0.15,64,0.9715756585989361,2.422677440606194,2.059275824515265,3.9086142140243667
2-step predictive,144,1.5224648876371807,0.15,64,0.9753151375499535,2.4174358032798713,2.0548204327878907,3.9002296059696473
2-step predictive,145,1.5365611284393783,0.15,64,0.978990895353871,2.4122995727866097,2.050454636868618,3.8920131069957735
2-step predictive,146,1.5506468107799896,0.15,64,0.9826043581118846,2.4072659740224256,2.046176077919062,3.88396030605759
2-step predictive,147,1.5647226662847662,0.15,64,0.9861569080442691,2.4023323243640893,2.0419824757094758,3.8760669385773285
2-step predictive,148,1.5787893934295432,0.15,64,0.9896498854174178,2.397496029892618,2.0378716254087252,3.868328880484821
2-step predictive,149,1.5928476592113716,0.15,64,0.9930845903553258,2.3927545817988176,2.033841394528995,3.8607421425440167
2-step predictive,150,1.606898100716029,0.15,64,0.9964622845442361,2.388105552960813,2.029889720016691,3.853302864950068
2-step predictive,151,1.6209413265898078,0.15,64,0.9997841928383813,2.3835465946841525,2.02601460548153,3.8460073121822083
2-step predictive,152,1.6349779184227613,0.15,64,1.0030515047740582,2.379075433595658,2.022214118556309,3.838851868098595
2-step predictive,153,1.6490084320499552,0.15,64,1.006265375998641,2.3746898686827262,2.0184863883803175,3.8318330312600972
2-step predictive,154,1.6630333987766888,0.15,64,1.0094269296205742,2.3703877684703003,2.0148296031997552,3.8249474104708145
2-step predictive,155,1.677053326533143,0.15,64,1.0125372574858742,2.366167068328182,2.0112420080789546,3.818191720523843
2-step predictive,156,1.6910687009634386,0.15,64,1.0155974213862082,2.3620257679018146,2.0077219027165425,3.8115627781414885
2-step predictive,157,1.7050799864536739,0.2,64,0.9243390568089749,2.490287357304209,1.9922298858433671,3.8051285423025885
2-step predictive,158,1.664962996173588,0.15,64,1.0098579632982787,2.3698021653061714,2.0143318405102457,3.8135910728716524
2-step predictive,159,1.7262135169314794,0.3,64,0.7967530745521211,2.684468614030998,1.8791280298216984,4.282428991341768
2-step predictive,160,0.8057390779950155,0.04,64,0.7657026349947398,2.733683542227484,2.6243362005383846,5.071269824226623
2-step predictive,161,0.7750487244282696,0.01,64,0.7656049183611155,2.733839214941715,2.7065008227922975,5.15357246952091
2-step predictive,162,0.7749521862790829,0.01,64,0.7655118658579616,2.7339874612210924,2.7066475866088813,5.153850671992966
2-step predictive,163,0.7748602562845366,0.01,64,0.7654232543427596,2.7341286359848596,2.706787349625011,5.154115603950375
2-step predictive,164,0.7747727139546544,0.01,64,0.7653388713970084,2.7342630771310454,2.706920446359735,5.15436789949244
2-step predictive,165,0.774689349398355,0.01,64,0.7652585148063166,2.7343911063582422,2.7070471952946598,5.154608162319088
2-step predictive,166,0.7746099628093931,0.01,64,0.7651819920661233,2.7345130299472027,2.7071678996477306,5.154836967197536
2-step predictive,167,0.7745343639776615,0.01,64,0.7651091199117442,2.7346291395042646,2.7072828481092217,5.155054861357361
2-step predictive,168,0.7744623718245605,0.01,64,0.7650397238715105,2.734739712668519,2.707392315541834,5.155262365817512
2-step predictive,169,0.7743938139612151,0.01,64,0.7649736378418326,2.7348450137845184,2.7074965636466732,5.155459976648659
2-step predictive,170,0.7743285262683838,0.01,64,0.7649107036830844,2.734945294542243,2.7075958415968207,5.15564816617413
2-step predictive,171,0.774266352496963,0.01,64,0.7648507708352619,2.7350407945859487,2.707690386640089,5.155827384112424
2-step predictive,172,0.7742071438880516,0.01,64,0.7647936959524221,2.7351317420934445,2.70778042467251,5.155998058664252
2-step predictive,173,0.7741507588115933,0.01,64,0.7647393425549669,2.7352183543272486,2.707866170783976,5.156160597546816
2-step predictive,174,0.7740970624226673,0.01,64,0.7646875806988769,2.7353008381590267,2.7079478297774364,5.156315388977934
2-step predictive,175,0.7740459263345434,0.01,64,0.7646382866610537,2.7353793905686166,2.7080255966629303,5.156462802612487
2-step predictive,176,0.7739972283076676,0.01,64,0.7645913426399683,2.7354541991189003,2.708099657127711,5.156603190433554
2-step predictive,177,0.7739508519537848,0.01,64,0.7645466364708584,2.735525442407699,2.708170187983622,5.156736887600408
2-step predictive,178,0.7739066864544477,0.01,64,0.7645040613547519,2.735593290497834,2.7082373575928558,5.156864213255561
2-step predictive,179,0.7738646262931975,0.01,64,0.764463515600635,2.7356579053264056,2.7083013262731415,5.156985471292798
2-step predictive,180,0.773824571000742,0.01,64,0.7644249023801155,2.7357194410943166,2.7083622466833734,5.157100951088152
2-step predictive,181,0.7737864249124877,0.01,64,0.764388129493966,2.7357780446370152,2.708420264190645,5.157210928195619
2-step predictive,182,0.7737500969378188,0.01,64,0.764353109149963,2.7358338557773516,2.7084755172195782,5.157315665009332
2-step predictive,183,0.773715500340542,0.01,64,0.7643197577514677,2.7358870076614386,2.7085281375848242,5.157415411393819
2-step predictive,184,0.7736825525299521,0.01,64,0.7642879956962197,2.735937627078339,2.7085782508075553,5.157510405283931
2-step predictive,185,0.7736511748619948,0.01,64,0.7642577471848466,2.735985834764364,2.7086259764167204,5.157600873255879
2-step predictive,186,0.7736212924500313,0.01,64,0.7642289400386111,2.7360317456927383,2.708671428235811,5.157687031070808
2-step predictive,187,0.7735928339847384,0.01,64,0.7642015055259475,2.7360754693493234,2.70871471465583,5.157769084192235
2-step predictive,188,0.7735657315626931,0.01,64,0.7641753781973559,2.73611710999511,2.708755938895159,5.157847228278616
2-step predictive,189,0.7735399205232215,0.01,64,0.7641504957282498,2.7361567669160833,2.7087951992469224,5.157921649652259
2-step predictive,190,0.7735153392931067,0.01,64,0.7641267987693672,2.736194534661095,2.708832589314484,5.157992525745703
2-step predictive,191,0.7734919292387742,0.01,64,0.7641042308043786,2.7362305032683203,2.708868198235637,5.158060025526691
2-step predictive,192,0.7734696345255908,0.01,64,0.7640827380143436,2.736264758480844,2.7089021108960356,5.158124309902734
2-step predictive,193,0.7734484019839306,0.01,64,0.7640622691486806,2.7362973819519114,2.708934408132392,5.1581855321062875
2-step predictive,194,0.7734281809816803,0.01,64,0.7640427754023373,2.73632845144033,2.7089651669259265,5.158243838061445
2-step predictive,195,0.7734089233028711,0.01,64,0.7640242102988588,2.736358040996513,2.7089944605865477,5.158299366733058
2-step predictive,196,0.7733905830321409,0.01,64,0.7640065295790693,2.736386221139603,2.709022358928207,5.158352250459136
2-step predictive,197,0.7733731164447426,0.01,64,0.7639896910950951,2.736413059026112,2.709048928435851,5.158402615267315
2-step predictive,198,0.773356481901832,0.01,64,0.7639736547094713,2.7364386186104883,2.7090742324243835,5.158450581176172
2-step predictive,199,0.7733406397507805,0.01,64,0.7639583821990872,2.736462960797988,2.709098331190008,5.158496262482116
2-step predictive,200,0.7733255522302664,0.01,64,0.7639438371637344,2.7364861435902377,2.709121282154335,5.158539768032542
2-step predictive,201,0.7733111833799187,0.01,64,0.7639299849390389,2.7365082222238275,2.709143140001589,5.158581201485919
2-step predictive,202,0.77329749895429,0.01,64,0.763916792513563,2.7365292493022784,2.7091639568092556,5.158620661559443
2-step predictive,203,0.7732844663409514,0.01,64,0.7639042284498783,2.736549274921684,2.709183782172467,5.158658242264817
2-step predictive,204,0.7732720544825112,0.01,64,0.7638922628094162,2.736568346790363,2.7092026633224595,5.158694033132793
2-step predictive,205,0.7732602338023663,0.01,64,0.7638808670809175,2.736586510342778,2.70922064523935,5.1587281194269465
2-step predictive,206,0.7732489761340098,0.01,64,0.763870014112304,2.7366038088480114,2.709237770759531,5.158760582347258
2-step predictive,207,0.7732382546537202,0.01,64,0.7638596780458107,2.7366202835130577,2.709254080677927,5.158791499223939
2-step predictive,208,0.773228043816473,0.01,64,0.76384983425622,2.736635973581183,2.709269613845371,5.158820943702023
2-step predictive,209,0.773218319294916,0.01,64,0.7638404592920505,2.7366509164255794,2.7092844072613236,5.158848985917115
2-step predictive,210,0.7732090579212653,0.01,64,0.7638315308195569,2.7366651476385506,2.709298496162165,5.15887569266276
2-step predictive,211,0.7732002376319782,0.01,64,0.7638230275694068,2.7366787011164355,2.709311914105271,5.158901127549815
2-step predictive,212,0.7731918374150717,0.01,64,0.7638149292859064,2.7366916091404767,2.709324693049072,5.158925351158203
2-step predictive,213,0.7731838372599587,0.01,64,0.7638072166786527,2.7367039024538284,2.7093368634292903,5.158948421181432
2-step predictive,214,0.7731762181096818,0.01,64,0.7637998713764944,2.7367156103348864,2.7093484542315376,5.158970392564203
2-step predictive,215,0.7731689618154297,0.01,64,0.7637928758836932,2.7367267606671186,2.709359493060447,5.158991317633461
2-step predictive,216,0.773162051093225,0.01,64,0.7637862135381783,2.7367373800055637,2.709370006205508,5.159011246223186
2-step predictive,217,0.7731554694826828,0.01,64,0.7637798684717949,2.7367474936401552,2.7093800187037536,5.159030225793222
2-step predictive,218,0.7731492013077375,0.01,64,0.7637738255724504,2.736757125656021,2.709389554399461,5.159048301542446
2-step predictive,219,0.7731432316392455,0.01,64,0.7637680704480675,2.736766298990912,2.7093986360010027,5.159065516516536
2-step predictive,220,0.773137546259373,0.01,64,0.7637625893922588,2.7367750354898823,2.7094072851349833,5.159081911710581
2-step predictive,221,0.773132131627685,0.01,64,0.7637573693516391,2.7367833559573738,2.7094155223978,5.159097526166828
2-step predictive,222,0.7731269748488511,0.01,64,0.7637523978946982,2.7367912802067975,2.7094233674047294,5.159112397067735
2-step predictive,223,0.7731220636418943,0.01,64,0.7637476631821585,2.736798827107772,2.709430838836694,5.1591265598246006
2-step predictive,224,0.7731173863109067,0.01,64,0.7637431539387476,2.7368060146310884,2.7094379544847773,5.159140048161966
2-step predictive,225,0.7731129317171622,0.01,64,0.7637388594263168,2.7368128598915478,2.709444731292632,5.159152894197994
2-step predictive,226,0.7731086892525599,0.01,64,0.7637347694182427,2.7368193791887423,2.709451185396855,5.159165128521003
2-step predictive,227,0.773104648814335,0.01,64,0.7637308741750497,2.736825588045903,2.709457332165444,5.159176780262369
2-step predictive,228,0.7731008007809755,0.01,64,0.763727164421195,2.7368315012468867,2.7094631862344176,5.159187877165937
2-step predictive,229,0.7730971359892875,0.01,64,0.7637236313229606,2.7368371328714063,2.7094687615426922,5.159198445654136
2-step predictive,230,0.773093645712555,0.01,64,0.7637202664674008,2.736842496328576,2.70947407136529,5.1592085108909265
2-step predictive,231,0.7730903216397406,0.01,64,0.7637170618422915,2.7368476043888603,2.7094791283449715,5.159218096841761
2-step predictive,232,0.7730871558556787,0.01,64,0.7637140098170381,2.7368524692145,2.709483944522355,5.1592272263306835
2-step predictive,233,0.7730841408222128,0.01,64,0.7637111031244911,2.7368571023884893,2.709488531364604,5.159235921094703
2-step predictive,234,0.7730812693602317,0.01,64,0.7637083348436308,2.7368615149421665,2.7094928997927448,5.159244201835577
2-step predictive,235,0.7730785346325633,0.01,64,0.7637056983830762,2.736865717381495,2.70949706020768,5.159252088269126
2-step predictive,236,0.7730759301276829,0.01,64,0.7637031874653804,2.7368697197120926,2.7095010225149716,5.159259599172209
2-step predictive,237,0.773073449644199,0.01,64,0.7637007961120749,2.736873531463059,2.7095047961484284,5.1592667524274365
2-step predictive,238,0.7730710872760777,0.01,64,0.7636985186294261,2.736877161709682,2.709508390092585,5.159273565065778
2-step predictive,239,0.773068837398572,0.0,64,0.773068837398572,2.72196130552577,2.72196130552577,2.72196130552577
